Order ID,Record Date,Order Date,Ship Date,Ship Mode,Customer ID,Customer Name,Segment,Country,City,State,Postal Code,Region,Product ID,Category,Sub-Category,Product Name,Sales,Quantity,Discount,Profit
AG-36809,2024-02-22 11:46:35,2023-02-02,2023-02-08,Express,AG-10390,Allen Goldenen,Consumer,United States,Cincinnati,Ohio,45231,East,FUR-TA-10000198,Furniture,Tables,Chromcraft Bull-Nose Wood Oval Conference Tables & Bases,394.04,3,0.16,11.0
AG-36809,2024-02-22 11:46:35,2023-02-02,2023-02-08,Express,AG-10390,Allen Goldenen,Consumer,United States,Cincinnati,Ohio,45231,East,OFF-BI-10001249,Office Supplies,Binders,Avery Heavy-Duty EZD View Binder with Locking Rings,336.1,6,0.2,-18.55
AG-36809,2024-02-22 11:46:35,2023-02-02,2023-02-08,Express,AG-10390,Allen Goldenen,Consumer,United States,Cincinnati,Ohio,45231,East,TEC-PH-10001615,Technology,Phones,AT&T CL82213,486.59,4,0.06,-13.5
MY-42637,2024-02-22 11:46:35,2023-04-28,2023-05-05,Express,MY-18295,Muhammed Yedwab,Corporate,United States,Grapevine,Texas,76051,Central,OFF-BI-10001553,Office Supplies,Binders,SpineVue Locking Slant-D Ring Binders by Cardinal,212.62,8,0.15,1.68
MY-42637,2024-02-22 11:46:35,2023-04-28,2023-05-05,Express,MY-18295,Muhammed Yedwab,Corporate,United States,Grapevine,Texas,76051,Central,OFF-AR-10000122,Office Supplies,Art,Newell 314,259.52,9,0.03,-4.46
MY-42637,2024-02-22 11:46:35,2023-04-28,2023-05-05,Express,MY-18295,Muhammed Yedwab,Corporate,United States,Grapevine,Texas,76051,Central,OFF-PA-10004243,Office Supplies,Paper,Xerox 1939,342.54,4,0.12,9.16
CS-61179,2024-02-22 11:46:35,2023-07-14,2023-07-18,Standard,CS-12400,Christopher Schild,Home Office,United States,Seattle,Washington,98115,West,OFF-PA-10002986,Office Supplies,Paper,Xerox 1898,494.75,9,0.11,-10.43
CS-61179,2024-02-22 11:46:35,2023-07-14,2023-07-18,Standard,CS-12400,Christopher Schild,Home Office,United States,Seattle,Washington,98115,West,OFF-PA-10002377,Office Supplies,Paper,Xerox 1916,497.35,1,0.14,-18.06
CS-61179,2024-02-22 11:46:35,2023-07-14,2023-07-18,Standard,CS-12400,Christopher Schild,Home Office,United States,Seattle,Washington,98115,West,OFF-AR-10004042,Office Supplies,Art,"BOSTON Model 1800 Electric Pencil Sharpeners, Putty/Woodgrain",231.75,7,0.1,3.5
CS-61179,2024-02-22 11:46:35,2023-07-14,2023-07-18,Standard,CS-12400,Christopher Schild,Home Office,United States,Seattle,Washington,98115,West,TEC-PH-10002496,Technology,Phones,Cisco SPA301,415.36,1,0.11,14.2
CS-61179,2024-02-22 11:46:35,2023-07-14,2023-07-18,Standard,CS-12400,Christopher Schild,Home Office,United States,Seattle,Washington,98115,West,TEC-CO-10001046,Technology,Copiers,Canon Imageclass D680 Copier / Fax,404.47,4,0.01,10.78
SB-80170,2024-02-22 11:46:35,2022-08-15,2022-08-22,Standard,SB-20170,Sarah Bern,Consumer,United States,New York City,New York,10035,East,OFF-AR-10001166,Office Supplies,Art,Staples in misc. colors,478.28,6,0.03,-8.82
DB-04552,2024-02-22 11:46:35,2022-06-11,2022-06-21,Express,DB-13060,Dave Brooks,Consumer,United States,Chicago,Illinois,60653,Central,OFF-PA-10004971,Office Supplies,Paper,Xerox 196,320.63,1,0.06,-12.45
DB-04552,2024-02-22 11:46:35,2022-06-11,2022-06-21,Express,DB-13060,Dave Brooks,Consumer,United States,Chicago,Illinois,60653,Central,OFF-LA-10004484,Office Supplies,Labels,Avery 476,444.23,5,0.17,8.78
DB-04552,2024-02-22 11:46:35,2022-06-11,2022-06-21,Express,DB-13060,Dave Brooks,Consumer,United States,Chicago,Illinois,60653,Central,FUR-CH-10001973,Furniture,Chairs,Office Star Flex Back Scooter Chair with White Frame,253.42,6,0.04,-15.55
DB-04552,2024-02-22 11:46:35,2022-06-11,2022-06-21,Express,DB-13060,Dave Brooks,Consumer,United States,Chicago,Illinois,60653,Central,TEC-PH-10003800,Technology,Phones,i.Sound Portable Power - 8000 mAh,314.97,7,0.08,-1.9
RB-25443,2024-02-22 11:46:35,2024-01-12,2024-01-19,Standard,RB-19570,Rob Beeghly,Consumer,United States,Chicago,Illinois,60610,Central,OFF-BI-10002103,Office Supplies,Binders,"Cardinal Slant-D Ring Binder, Heavy Gauge Vinyl",258.49,7,0.07,5.83
MZ-42991,2024-02-22 11:46:35,2023-10-18,2023-10-25,Express,MZ-17335,Maria Zettner,Home Office,United States,Seattle,Washington,98105,West,OFF-ST-10001228,Office Supplies,Storage,"Fellowes Personal Hanging Folder Files, Navy",259.2,4,0.13,4.73
MZ-42991,2024-02-22 11:46:35,2023-10-18,2023-10-25,Express,MZ-17335,Maria Zettner,Home Office,United States,Seattle,Washington,98105,West,OFF-BI-10002824,Office Supplies,Binders,Recycled Easel Ring Binders,325.99,4,0.15,12.17
MZ-42991,2024-02-22 11:46:35,2023-10-18,2023-10-25,Express,MZ-17335,Maria Zettner,Home Office,United States,Seattle,Washington,98105,West,TEC-PH-10002496,Technology,Phones,Cisco SPA301,407.49,5,0.09,11.28
MZ-42991,2024-02-22 11:46:35,2023-10-18,2023-10-25,Express,MZ-17335,Maria Zettner,Home Office,United States,Seattle,Washington,98105,West,OFF-BI-10000145,Office Supplies,Binders,Zipper Ring Binder Pockets,269.99,6,0.06,-4.48
TB-21224,2024-02-22 11:46:35,2022-11-06,2022-11-14,Express,TB-21280,Toby Braunhardt,Consumer,United States,Washington,District of Columbia,20016,East,FUR-TA-10001520,Furniture,Tables,"Lesro Sheffield Collection Coffee Table, End Table, Center Table, Corner Table",322.67,5,0.14,6.22
TB-21224,2024-02-22 11:46:35,2022-11-06,2022-11-14,Express,TB-21280,Toby Braunhardt,Consumer,United States,Washington,District of Columbia,20016,East,OFF-AP-10002892,Office Supplies,Appliances,Belkin F5C206VTEL 6 Outlet Surge,464.85,3,0.16,-13.8
JE-78766,2024-02-22 11:46:35,2022-07-07,2022-07-14,Standard,JE-15745,Joel Eaton,Consumer,United States,Louisville,Colorado,80027,West,OFF-ST-10001469,Office Supplies,Storage,Fellowes Bankers Box Recycled Super Stor/Drawer,211.66,7,0.14,-11.55
LH-99292,2024-02-22 11:46:35,2022-04-21,2022-04-25,Express,LH-16900,Lena Hernandez,Consumer,United States,Dover,Delaware,19901,East,OFF-FA-10001229,Office Supplies,Fasteners,Staples,255.59,6,0.06,12.59
BF-31086,2024-02-22 11:46:35,2022-06-26,2022-07-05,Standard,BF-11005,Barry Franz,Home Office,United States,Los Angeles,California,90004,West,OFF-BI-10002867,Office Supplies,Binders,GBC Recycled Regency Composition Covers,417.36,10,0.17,-1.44
BF-31086,2024-02-22 11:46:35,2022-06-26,2022-07-05,Standard,BF-11005,Barry Franz,Home Office,United States,Los Angeles,California,90004,West,FUR-FU-10004093,Furniture,Furnishings,Hand-Finished Solid Wood Document Frame,272.71,9,0.09,-6.4
BF-31086,2024-02-22 11:46:35,2022-06-26,2022-07-05,Standard,BF-11005,Barry Franz,Home Office,United States,Los Angeles,California,90004,West,TEC-AC-10000420,Technology,Accessories,Logitech G500s Laser Gaming Mouse with Adjustable Weight Tuning,345.97,1,0.07,13.56
JL-18167,2024-02-22 11:46:35,2022-06-05,2022-06-08,Express,JL-15850,John Lucas,Consumer,United States,Houston,Texas,77095,Central,OFF-ST-10001809,Office Supplies,Storage,Fellowes Officeware Wire Shelving,262.49,2,0.19,10.28
JL-18167,2024-02-22 11:46:35,2022-06-05,2022-06-08,Express,JL-15850,John Lucas,Consumer,United States,Houston,Texas,77095,Central,TEC-PH-10002200,Technology,Phones,Samsung Galaxy Note 2,227.92,5,0.1,17.57
BG-36880,2024-02-22 11:46:35,2022-11-18,2022-11-24,Standard,BG-11035,Barry Gonzalez,Consumer,United States,Nashville,Tennessee,37211,South,FUR-BO-10001519,Furniture,Bookcases,O'Sullivan 3-Shelf Heavy-Duty Bookcases,213.1,4,0.12,18.61
MC-03761,2024-02-22 11:46:35,2022-04-17,2022-04-22,Express,MC-17575,Matt Collins,Consumer,United States,Cincinnati,Ohio,45231,East,OFF-ST-10001325,Office Supplies,Storage,Sterilite Officeware Hinged File Box,353.68,6,0.05,5.84
MC-03761,2024-02-22 11:46:35,2022-04-17,2022-04-22,Express,MC-17575,Matt Collins,Consumer,United States,Cincinnati,Ohio,45231,East,OFF-AR-10000462,Office Supplies,Art,Sanford Pocket Accent Highlighters,287.35,4,0.12,-18.59
MC-03761,2024-02-22 11:46:35,2022-04-17,2022-04-22,Express,MC-17575,Matt Collins,Consumer,United States,Cincinnati,Ohio,45231,East,FUR-FU-10001967,Furniture,Furnishings,Telescoping Adjustable Floor Lamp,462.24,8,0.08,-7.93
MC-03761,2024-02-22 11:46:35,2022-04-17,2022-04-22,Express,MC-17575,Matt Collins,Consumer,United States,Cincinnati,Ohio,45231,East,OFF-LA-10004409,Office Supplies,Labels,Avery 492,352.67,8,0.1,-15.4
KL-20325,2024-02-22 11:46:35,2023-01-04,2023-01-12,Express,KL-16645,Ken Lonsdale,Consumer,United States,New York City,New York,10035,East,OFF-FA-10000611,Office Supplies,Fasteners,Binder Clips by OIC,282.1,5,0.13,18.09
SM-72088,2024-02-22 11:46:35,2023-05-24,2023-06-02,Express,SM-20320,Sean Miller,Home Office,United States,Allentown,Pennsylvania,18103,East,OFF-ST-10002344,Office Supplies,Storage,"Carina 42""Hx23 3/4""W Media Storage Unit",204.68,3,0.16,15.32
AB-96777,2024-02-22 11:46:35,2023-12-23,2023-12-29,Express,AB-10015,Aaron Bergman,Consumer,United States,Seattle,Washington,98103,West,FUR-CH-10002774,Furniture,Chairs,"Global Deluxe Stacking Chair, Gray",399.98,6,0.12,-11.09
AB-96777,2024-02-22 11:46:35,2023-12-23,2023-12-29,Express,AB-10015,Aaron Bergman,Consumer,United States,Seattle,Washington,98103,West,OFF-ST-10000876,Office Supplies,Storage,Eldon Simplefile Box Office,251.94,1,0.0,2.11
AB-96777,2024-02-22 11:46:35,2023-12-23,2023-12-29,Express,AB-10015,Aaron Bergman,Consumer,United States,Seattle,Washington,98103,West,OFF-BI-10001153,Office Supplies,Binders,Ibico Recycled Grain-Textured Covers,297.81,5,0.13,15.48
DW-47066,2024-02-22 11:46:35,2023-11-19,2023-11-25,Standard,DW-13480,Dianna Wilson,Home Office,United States,Lakeville,Minnesota,55044,Central,OFF-BI-10000773,Office Supplies,Binders,Insertable Tab Post Binder Dividers,210.73,7,0.17,3.42
DW-47066,2024-02-22 11:46:35,2023-11-19,2023-11-25,Standard,DW-13480,Dianna Wilson,Home Office,United States,Lakeville,Minnesota,55044,Central,OFF-ST-10003123,Office Supplies,Storage,Fellowes Bases and Tops For Staxonsteel/High-Stak Systems,243.46,7,0.13,15.94
DW-47066,2024-02-22 11:46:35,2023-11-19,2023-11-25,Standard,DW-13480,Dianna Wilson,Home Office,United States,Lakeville,Minnesota,55044,Central,OFF-ST-10001328,Office Supplies,Storage,"Personal Filing Tote with Lid, Black/Gray",443.19,8,0.17,15.65
DW-47066,2024-02-22 11:46:35,2023-11-19,2023-11-25,Standard,DW-13480,Dianna Wilson,Home Office,United States,Lakeville,Minnesota,55044,Central,OFF-LA-10002271,Office Supplies,Labels,Smead Alpha-Z Color-Coded Second Alphabetical Labels and Starter Set,370.57,7,0.19,-1.2
DW-47066,2024-02-22 11:46:35,2023-11-19,2023-11-25,Standard,DW-13480,Dianna Wilson,Home Office,United States,Lakeville,Minnesota,55044,Central,OFF-EN-10002621,Office Supplies,Envelopes,Staple envelope,209.65,8,0.16,-16.03
BS-34250,2024-02-22 11:46:35,2023-01-08,2023-01-18,Standard,BS-11755,Bruce Stewart,Consumer,United States,Denver,Colorado,80219,West,FUR-CH-10002780,Furniture,Chairs,Office Star - Task Chair with Contemporary Loop Arms,334.32,1,0.16,1.56
BS-34250,2024-02-22 11:46:35,2023-01-08,2023-01-18,Standard,BS-11755,Bruce Stewart,Consumer,United States,Denver,Colorado,80219,West,FUR-BO-10002206,Furniture,Bookcases,"Bush Saratoga Collection 5-Shelf Bookcase, Hanover Cherry, *Special Order",335.54,7,0.12,3.52
BS-34250,2024-02-22 11:46:35,2023-01-08,2023-01-18,Standard,BS-11755,Bruce Stewart,Consumer,United States,Denver,Colorado,80219,West,OFF-PA-10001667,Office Supplies,Paper,Great White Multi-Use Recycled Paper (20Lb. and 84 Bright),465.01,6,0.15,-19.12
BS-34250,2024-02-22 11:46:35,2023-01-08,2023-01-18,Standard,BS-11755,Bruce Stewart,Consumer,United States,Denver,Colorado,80219,West,OFF-BI-10004099,Office Supplies,Binders,GBC VeloBinder Strips,210.55,7,0.16,-9.79
NC-70419,2024-02-22 11:46:35,2022-10-12,2022-10-14,Standard,NC-18415,Nathan Cano,Consumer,United States,Yonkers,New York,10701,East,FUR-TA-10001039,Furniture,Tables,KI Adjustable-Height Table,448.59,5,0.04,16.41
NC-70419,2024-02-22 11:46:35,2022-10-12,2022-10-14,Standard,NC-18415,Nathan Cano,Consumer,United States,Yonkers,New York,10701,East,OFF-PA-10000246,Office Supplies,Paper,Riverleaf Stik-Withit Designer Note Cubes,274.33,10,0.01,-11.46
BD-29032,2024-02-22 11:46:35,2023-04-01,2023-04-11,Express,BD-11605,Brian Dahlen,Consumer,United States,Miami,Florida,33180,South,OFF-BI-10004528,Office Supplies,Binders,Cardinal Poly Pocket Divider Pockets for Ring Binders,271.46,8,0.18,17.71
BD-29032,2024-02-22 11:46:35,2023-04-01,2023-04-11,Express,BD-11605,Brian Dahlen,Consumer,United States,Miami,Florida,33180,South,FUR-CH-10002961,Furniture,Chairs,"Leather Task Chair, Black",328.19,2,0.2,-10.69
CD-48478,2024-02-22 11:46:35,2022-07-18,2022-07-27,Standard,CD-11980,Carol Darley,Consumer,United States,Tyler,Texas,75701,Central,OFF-BI-10004002,Office Supplies,Binders,Wilson Jones International Size A4 Ring Binders,295.25,5,0.09,9.5
CD-48478,2024-02-22 11:46:35,2022-07-18,2022-07-27,Standard,CD-11980,Carol Darley,Consumer,United States,Tyler,Texas,75701,Central,OFF-LA-10000262,Office Supplies,Labels,Avery 494,372.47,3,0.04,-13.59
CD-48478,2024-02-22 11:46:35,2022-07-18,2022-07-27,Standard,CD-11980,Carol Darley,Consumer,United States,Tyler,Texas,75701,Central,OFF-FA-10004076,Office Supplies,Fasteners,Translucent Push Pins by OIC,473.72,9,0.17,-11.56
GZ-91328,2024-02-22 11:46:35,2022-11-22,2022-11-23,Standard,GZ-14470,Gary Zandusky,Consumer,United States,San Francisco,California,94110,West,OFF-BI-10004519,Office Supplies,Binders,GBC DocuBind P100 Manual Binding Machine,444.72,6,0.19,18.01
GZ-91328,2024-02-22 11:46:35,2022-11-22,2022-11-23,Standard,GZ-14470,Gary Zandusky,Consumer,United States,San Francisco,California,94110,West,FUR-CH-10000015,Furniture,Chairs,Hon Multipurpose Stacking Arm Chairs,244.57,2,0.07,2.08
GZ-91328,2024-02-22 11:46:35,2022-11-22,2022-11-23,Standard,GZ-14470,Gary Zandusky,Consumer,United States,San Francisco,California,94110,West,FUR-FU-10002759,Furniture,Furnishings,12-1/2 Diameter Round Wall Clock,314.17,5,0.09,12.75
GZ-91328,2024-02-22 11:46:35,2022-11-22,2022-11-23,Standard,GZ-14470,Gary Zandusky,Consumer,United States,San Francisco,California,94110,West,FUR-BO-10002853,Furniture,Bookcases,O'Sullivan 5-Shelf Heavy-Duty Bookcases,413.21,1,0.11,-3.24
RM-85583,2024-02-22 11:46:35,2023-11-03,2023-11-05,Express,RM-19675,Robert Marley,Home Office,United States,Los Angeles,California,90049,West,FUR-BO-10003159,Furniture,Bookcases,"Sauder Camden County Collection Libraries, Planked Cherry Finish",453.19,2,0.05,0.98
RM-85583,2024-02-22 11:46:35,2023-11-03,2023-11-05,Express,RM-19675,Robert Marley,Home Office,United States,Los Angeles,California,90049,West,FUR-CH-10000155,Furniture,Chairs,Global Comet Stacking Armless Chair,462.96,2,0.02,12.27
RM-85583,2024-02-22 11:46:35,2023-11-03,2023-11-05,Express,RM-19675,Robert Marley,Home Office,United States,Los Angeles,California,90049,West,OFF-ST-10002301,Office Supplies,Storage,Tennsco Commercial Shelving,476.88,2,0.13,8.33
LO-27878,2024-02-22 11:46:35,2022-11-04,2022-11-12,Express,LO-17170,Lori Olson,Corporate,United States,La Quinta,California,92253,West,OFF-ST-10001590,Office Supplies,Storage,"Tenex Personal Project File with Scoop Front Design, Black",285.84,9,0.18,18.24
LO-27878,2024-02-22 11:46:35,2022-11-04,2022-11-12,Express,LO-17170,Lori Olson,Corporate,United States,La Quinta,California,92253,West,OFF-ST-10000464,Office Supplies,Storage,"Multi-Use Personal File Cart and Caster Set, Three Stacking Bins",320.6,3,0.1,-16.65
LO-27878,2024-02-22 11:46:35,2022-11-04,2022-11-12,Express,LO-17170,Lori Olson,Corporate,United States,La Quinta,California,92253,West,TEC-CO-10001571,Technology,Copiers,Sharp 1540cs Digital Laser Copier,215.93,2,0.16,14.03
GM-65885,2024-02-22 11:46:35,2023-05-15,2023-05-24,Express,GM-14680,Greg Matthias,Consumer,United States,Seattle,Washington,98105,West,FUR-FU-10004666,Furniture,Furnishings,DAX Clear Channel Poster Frame,248.38,10,0.1,3.4
GM-65885,2024-02-22 11:46:35,2023-05-15,2023-05-24,Express,GM-14680,Greg Matthias,Consumer,United States,Seattle,Washington,98105,West,FUR-CH-10002024,Furniture,Chairs,HON 5400 Series Task Chairs for Big and Tall,372.2,6,0.18,13.33
GM-65885,2024-02-22 11:46:35,2023-05-15,2023-05-24,Express,GM-14680,Greg Matthias,Consumer,United States,Seattle,Washington,98105,West,FUR-TA-10004575,Furniture,Tables,Hon 5100 Series Wood Tables,396.74,2,0.07,-3.02
GM-65885,2024-02-22 11:46:35,2023-05-15,2023-05-24,Express,GM-14680,Greg Matthias,Consumer,United States,Seattle,Washington,98105,West,FUR-BO-10002824,Furniture,Bookcases,Bush Mission Pointe Library,348.43,5,0.13,-3.17
TT-07314,2024-02-22 11:46:35,2023-03-12,2023-03-21,Standard,TT-21460,Tonja Turnell,Home Office,United States,Charlotte,North Carolina,28205,South,OFF-BI-10004826,Office Supplies,Binders,JM Magazine Binder,408.54,10,0.04,-14.12
AB-18145,2024-02-22 11:46:35,2022-11-27,2022-11-30,Standard,AB-10600,Ann Blume,Corporate,United States,Tucson,Arizona,85705,West,OFF-PA-10002246,Office Supplies,Paper,"Wirebound Four 2-3/4 x 5 Forms per Page, 400 Sets per Book",386.49,2,0.17,15.59
AB-18145,2024-02-22 11:46:35,2022-11-27,2022-11-30,Standard,AB-10600,Ann Blume,Corporate,United States,Tucson,Arizona,85705,West,FUR-FU-10002937,Furniture,Furnishings,"GE 48"" Fluorescent Tube, Cool White Energy Saver, 34 Watts, 30/Box",448.78,3,0.09,8.24
AB-18145,2024-02-22 11:46:35,2022-11-27,2022-11-30,Standard,AB-10600,Ann Blume,Corporate,United States,Tucson,Arizona,85705,West,OFF-LA-10003923,Office Supplies,Labels,Alphabetical Labels for Top Tab Filing,231.77,2,0.11,18.15
AB-18145,2024-02-22 11:46:35,2022-11-27,2022-11-30,Standard,AB-10600,Ann Blume,Corporate,United States,Tucson,Arizona,85705,West,FUR-BO-10002613,Furniture,Bookcases,"Atlantic Metals Mobile 4-Shelf Bookcases, Custom Colors",344.77,2,0.1,-2.39
LF-08306,2024-02-22 11:46:35,2022-12-31,2023-01-08,Express,LF-17185,Luke Foster,Consumer,United States,New York City,New York,10011,East,FUR-FU-10004306,Furniture,Furnishings,Electrix Halogen Magnifier Lamp,284.68,6,0.05,4.31
LF-08306,2024-02-22 11:46:35,2022-12-31,2023-01-08,Express,LF-17185,Luke Foster,Consumer,United States,New York City,New York,10011,East,TEC-AC-10003628,Technology,Accessories,Logitech 910-002974 M325 Wireless Mouse for Web Scrolling,469.67,3,0.14,-8.84
LF-08306,2024-02-22 11:46:35,2022-12-31,2023-01-08,Express,LF-17185,Luke Foster,Consumer,United States,New York City,New York,10011,East,FUR-FU-10001057,Furniture,Furnishings,Tensor Track Tree Floor Lamp,213.37,6,0.07,15.02
LF-08306,2024-02-22 11:46:35,2022-12-31,2023-01-08,Express,LF-17185,Luke Foster,Consumer,United States,New York City,New York,10011,East,OFF-FA-10002988,Office Supplies,Fasteners,Ideal Clamps,461.84,6,0.02,8.46
TC-00700,2024-02-22 11:46:35,2022-11-06,2022-11-09,Express,TC-21145,Theresa Coyne,Corporate,United States,Lakewood,New Jersey,8701,East,FUR-FU-10000175,Furniture,Furnishings,DAX Wood Document Frame.,381.88,1,0.1,-8.51
TC-00700,2024-02-22 11:46:35,2022-11-06,2022-11-09,Express,TC-21145,Theresa Coyne,Corporate,United States,Lakewood,New Jersey,8701,East,OFF-ST-10003327,Office Supplies,Storage,Akro-Mils 12-Gallon Tote,393.49,6,0.11,7.29
TC-00700,2024-02-22 11:46:35,2022-11-06,2022-11-09,Express,TC-21145,Theresa Coyne,Corporate,United States,Lakewood,New Jersey,8701,East,FUR-TA-10002622,Furniture,Tables,"Bush Andora Conference Table, Maple/Graphite Gray Finish",241.86,6,0.03,-7.77
KH-43656,2024-02-22 11:46:35,2023-04-29,2023-05-07,Standard,KH-16690,Kristen Hastings,Corporate,United States,San Francisco,California,94110,West,OFF-PA-10000474,Office Supplies,Paper,Easy-staple paper,349.09,9,0.05,2.61
KH-43656,2024-02-22 11:46:35,2023-04-29,2023-05-07,Standard,KH-16690,Kristen Hastings,Corporate,United States,San Francisco,California,94110,West,FUR-TA-10004915,Furniture,Tables,"Office Impressions End Table, 20-1/2""H x 24""W x 20""D",465.4,9,0.1,10.26
KH-43656,2024-02-22 11:46:35,2023-04-29,2023-05-07,Standard,KH-16690,Kristen Hastings,Corporate,United States,San Francisco,California,94110,West,TEC-AC-10003628,Technology,Accessories,Logitech 910-002974 M325 Wireless Mouse for Web Scrolling,208.81,2,0.0,0.44
SV-53413,2024-02-22 11:46:35,2023-09-15,2023-09-18,Express,SV-20365,Seth Vernon,Consumer,United States,Columbus,Ohio,43229,East,OFF-ST-10000563,Office Supplies,Storage,Fellowes Bankers Box Stor/Drawer Steel Plus,239.44,4,0.03,0.4
SV-53413,2024-02-22 11:46:35,2023-09-15,2023-09-18,Express,SV-20365,Seth Vernon,Consumer,United States,Columbus,Ohio,43229,East,OFF-SU-10004884,Office Supplies,Supplies,Acme Galleria Hot Forged Steel Scissors with Colored Handles,357.76,10,0.15,-5.53
SV-53413,2024-02-22 11:46:35,2023-09-15,2023-09-18,Express,SV-20365,Seth Vernon,Consumer,United States,Columbus,Ohio,43229,East,OFF-BI-10003166,Office Supplies,Binders,GBC Plasticlear Binding Covers,430.08,6,0.04,-18.09
HR-47361,2024-02-22 11:46:35,2023-08-19,2023-08-25,Express,HR-14830,Harold Ryan,Corporate,United States,Miami,Florida,33178,South,TEC-PH-10000011,Technology,Phones,PureGear Roll-On Screen Protector,294.24,10,0.08,4.91
HR-47361,2024-02-22 11:46:35,2023-08-19,2023-08-25,Express,HR-14830,Harold Ryan,Corporate,United States,Miami,Florida,33178,South,OFF-PA-10000312,Office Supplies,Paper,Xerox 1955,206.2,4,0.15,3.11
CK-99469,2024-02-22 11:46:35,2023-12-29,2024-01-02,Express,CK-12205,Chloris Kastensmidt,Consumer,United States,Lakewood,Ohio,44107,East,OFF-BI-10003274,Office Supplies,Binders,"Avery Durable Slant Ring Binders, No Labels",468.28,4,0.02,19.48
KN-62707,2024-02-22 11:46:35,2023-12-25,2023-12-26,Standard,KN-16390,Katherine Nockton,Corporate,United States,Los Angeles,California,90004,West,OFF-PA-10001947,Office Supplies,Paper,Xerox 1974,326.36,7,0.14,-18.36
KN-62707,2024-02-22 11:46:35,2023-12-25,2023-12-26,Standard,KN-16390,Katherine Nockton,Corporate,United States,Los Angeles,California,90004,West,OFF-FA-10003467,Office Supplies,Fasteners,"Alliance Big Bands Rubber Bands, 12/Pack",311.17,9,0.1,-4.47
TG-72403,2024-02-22 11:46:35,2023-08-05,2023-08-11,Standard,TG-21310,Toby Gnade,Consumer,United States,Des Moines,Washington,98198,West,OFF-BI-10004967,Office Supplies,Binders,Round Ring Binders,486.64,5,0.05,-3.25
LC-49819,2024-02-22 11:46:35,2024-01-07,2024-01-15,Standard,LC-16960,Lindsay Castell,Home Office,United States,Arlington,Virginia,22204,South,TEC-AC-10004510,Technology,Accessories,Logitech Desktop MK120 Mouse and keyboard Combo,343.22,4,0.02,-15.7
LC-49819,2024-02-22 11:46:35,2024-01-07,2024-01-15,Standard,LC-16960,Lindsay Castell,Home Office,United States,Arlington,Virginia,22204,South,OFF-SU-10001935,Office Supplies,Supplies,Staple remover,479.24,1,0.08,15.86
LC-49819,2024-02-22 11:46:35,2024-01-07,2024-01-15,Standard,LC-16960,Lindsay Castell,Home Office,United States,Arlington,Virginia,22204,South,FUR-BO-10003894,Furniture,Bookcases,"Safco Value Mate Steel Bookcase, Baked Enamel Finish on Steel, Black",361.81,4,0.0,-11.41
DC-83493,2024-02-22 11:46:35,2022-09-20,2022-09-23,Standard,DC-12850,Dan Campbell,Consumer,United States,Houston,Texas,77036,Central,OFF-ST-10000642,Office Supplies,Storage,"Tennsco Lockers, Gray",434.52,6,0.16,-2.65
DC-83493,2024-02-22 11:46:35,2022-09-20,2022-09-23,Standard,DC-12850,Dan Campbell,Consumer,United States,Houston,Texas,77036,Central,OFF-BI-10000948,Office Supplies,Binders,"GBC Laser Imprintable Binding System Covers, Desert Sand",230.51,4,0.15,16.16
DC-83493,2024-02-22 11:46:35,2022-09-20,2022-09-23,Standard,DC-12850,Dan Campbell,Consumer,United States,Houston,Texas,77036,Central,FUR-FU-10004848,Furniture,Furnishings,"Howard Miller 13-3/4"" Diameter Brushed Chrome Round Wall Clock",266.46,1,0.06,16.83
DC-83493,2024-02-22 11:46:35,2022-09-20,2022-09-23,Standard,DC-12850,Dan Campbell,Consumer,United States,Houston,Texas,77036,Central,FUR-FU-10001487,Furniture,Furnishings,"Eldon Expressions Wood and Plastic Desk Accessories, Cherry Wood",283.44,2,0.04,11.97
DC-83493,2024-02-22 11:46:35,2022-09-20,2022-09-23,Standard,DC-12850,Dan Campbell,Consumer,United States,Houston,Texas,77036,Central,OFF-PA-10000176,Office Supplies,Paper,Xerox 1887,400.38,7,0.15,17.54
CA-14290,2024-02-22 11:46:35,2022-06-22,2022-06-28,Standard,CA-11965,Carol Adams,Corporate,United States,Port Arthur,Texas,77642,Central,OFF-EN-10003296,Office Supplies,Envelopes,Tyvek Side-Opening Peel & Seel Expanding Envelopes,391.94,2,0.14,4.15
CA-14290,2024-02-22 11:46:35,2022-06-22,2022-06-28,Standard,CA-11965,Carol Adams,Corporate,United States,Port Arthur,Texas,77642,Central,OFF-PA-10002195,Office Supplies,Paper,"RSVP Cards & Envelopes, Blank White, 8-1/2"" X 11"", 24 Cards/25 Envelopes/Set",254.09,6,0.11,4.19
TS-47785,2024-02-22 11:46:35,2023-08-08,2023-08-14,Standard,TS-21370,Todd Sumrall,Corporate,United States,Chicago,Illinois,60623,Central,OFF-AP-10004249,Office Supplies,Appliances,Staple holder,342.8,10,0.11,15.54
HP-10430,2024-02-22 11:46:35,2022-07-14,2022-07-16,Standard,HP-14815,Harold Pawlan,Home Office,United States,Fort Worth,Texas,76106,Central,OFF-PA-10000380,Office Supplies,Paper,"REDIFORM Incoming/Outgoing Call Register, 11"" X 8 1/2"", 100 Messages",237.35,1,0.06,6.38
HP-10430,2024-02-22 11:46:35,2022-07-14,2022-07-16,Standard,HP-14815,Harold Pawlan,Home Office,United States,Fort Worth,Texas,76106,Central,FUR-CH-10004754,Furniture,Chairs,"Global Stack Chair with Arms, Black",217.0,1,0.17,3.89
HP-10430,2024-02-22 11:46:35,2022-07-14,2022-07-16,Standard,HP-14815,Harold Pawlan,Home Office,United States,Fort Worth,Texas,76106,Central,TEC-CO-10001449,Technology,Copiers,Hewlett Packard LaserJet 3310 Copier,207.4,5,0.08,12.56
HP-10430,2024-02-22 11:46:35,2022-07-14,2022-07-16,Standard,HP-14815,Harold Pawlan,Home Office,United States,Fort Worth,Texas,76106,Central,OFF-AP-10000595,Office Supplies,Appliances,Disposable Triple-Filter Dust Bags,347.61,6,0.03,-18.26
AS-31620,2024-02-22 11:46:35,2024-02-17,2024-02-26,Express,AS-10090,Adam Shillingsburg,Consumer,United States,Springfield,Missouri,65807,Central,OFF-SU-10002522,Office Supplies,Supplies,Acme Kleen Earth Office Shears,479.94,9,0.06,19.72
AS-31620,2024-02-22 11:46:35,2024-02-17,2024-02-26,Express,AS-10090,Adam Shillingsburg,Consumer,United States,Springfield,Missouri,65807,Central,OFF-PA-10002893,Office Supplies,Paper,"Wirebound Service Call Books, 5 1/2"" x 4""",439.05,7,0.06,11.2
NC-08823,2024-02-22 11:46:35,2022-06-19,2022-06-24,Express,NC-18625,Noah Childs,Corporate,United States,Aurora,Colorado,80013,West,TEC-AC-10003610,Technology,Accessories,Logitech�Illuminated - Keyboard,455.21,3,0.14,-16.41
NC-08823,2024-02-22 11:46:35,2022-06-19,2022-06-24,Express,NC-18625,Noah Childs,Corporate,United States,Aurora,Colorado,80013,West,OFF-BI-10000343,Office Supplies,Binders,"Pressboard Covers with Storage Hooks, 9 1/2"" x 11"", Light Blue",336.69,1,0.13,6.16
NC-08823,2024-02-22 11:46:35,2022-06-19,2022-06-24,Express,NC-18625,Noah Childs,Corporate,United States,Aurora,Colorado,80013,West,TEC-MA-10003626,Technology,Machines,Hewlett-Packard Deskjet 6540 Color Inkjet Printer,357.46,5,0.02,-10.43
NC-08823,2024-02-22 11:46:35,2022-06-19,2022-06-24,Express,NC-18625,Noah Childs,Corporate,United States,Aurora,Colorado,80013,West,OFF-AP-10003779,Office Supplies,Appliances,Kensington 7 Outlet MasterPiece Power Center with Fax/Phone Line Protection,320.21,3,0.01,5.03
NC-08823,2024-02-22 11:46:35,2022-06-19,2022-06-24,Express,NC-18625,Noah Childs,Corporate,United States,Aurora,Colorado,80013,West,OFF-PA-10003228,Office Supplies,Paper,Xerox 1917,318.03,2,0.0,-10.1
TB-67158,2024-02-22 11:46:36,2022-11-05,2022-11-08,Express,TB-21280,Toby Braunhardt,Consumer,United States,New York City,New York,10024,East,TEC-PH-10003555,Technology,Phones,Motorola HK250 Universal Bluetooth Headset,287.38,3,0.14,16.72
TB-67158,2024-02-22 11:46:36,2022-11-05,2022-11-08,Express,TB-21280,Toby Braunhardt,Consumer,United States,New York City,New York,10024,East,TEC-AC-10003628,Technology,Accessories,Logitech 910-002974 M325 Wireless Mouse for Web Scrolling,482.5,3,0.11,13.05
TB-67158,2024-02-22 11:46:36,2022-11-05,2022-11-08,Express,TB-21280,Toby Braunhardt,Consumer,United States,New York City,New York,10024,East,OFF-PA-10001776,Office Supplies,Paper,"Wirebound Message Books, Four 2 3/4"" x 5"" Forms per Page, 600 Sets per Book",235.77,8,0.1,-3.7
TB-67158,2024-02-22 11:46:36,2022-11-05,2022-11-08,Express,TB-21280,Toby Braunhardt,Consumer,United States,New York City,New York,10024,East,OFF-BI-10002082,Office Supplies,Binders,GBC Twin Loop Wire Binding Elements,426.58,10,0.07,17.08
SC-60967,2024-02-22 11:46:36,2023-03-07,2023-03-15,Standard,SC-20695,Steve Chapman,Corporate,United States,La Crosse,Wisconsin,54601,Central,OFF-AR-10001683,Office Supplies,Art,Lumber Crayons,498.33,8,0.19,2.61
KN-54608,2024-02-22 11:46:36,2022-10-15,2022-10-20,Express,KN-16390,Katherine Nockton,Corporate,United States,Los Angeles,California,90004,West,OFF-BI-10000088,Office Supplies,Binders,GBC Imprintable Covers,399.3,6,0.18,-19.45
KN-54608,2024-02-22 11:46:36,2022-10-15,2022-10-20,Express,KN-16390,Katherine Nockton,Corporate,United States,Los Angeles,California,90004,West,TEC-AC-10002600,Technology,Accessories,Belkin QODE FastFit Bluetooth Keyboard,480.5,3,0.19,-10.04
KN-54608,2024-02-22 11:46:36,2022-10-15,2022-10-20,Express,KN-16390,Katherine Nockton,Corporate,United States,Los Angeles,California,90004,West,OFF-BI-10002571,Office Supplies,Binders,"Avery Framed View Binder, EZD Ring (Locking), Navy, 1 1/2""",426.31,7,0.01,-6.96
HL-50841,2024-02-22 11:46:36,2022-02-16,2022-02-17,Express,HL-15040,Hunter Lopez,Consumer,United States,Richmond,Indiana,47374,Central,FUR-TA-10001039,Furniture,Tables,KI Adjustable-Height Table,348.54,1,0.11,3.34
DB-08743,2024-02-22 11:46:36,2022-08-11,2022-08-15,Express,DB-13210,Dean Braden,Consumer,United States,Houston,Texas,77041,Central,OFF-AR-10003405,Office Supplies,Art,"Dixon My First Ticonderoga Pencil, #2",283.67,4,0.19,8.19
DB-08743,2024-02-22 11:46:36,2022-08-11,2022-08-15,Express,DB-13210,Dean Braden,Consumer,United States,Houston,Texas,77041,Central,FUR-FU-10001215,Furniture,Furnishings,"Howard Miller 11-1/2"" Diameter Brentwood Wall Clock",463.29,10,0.13,-4.46
DB-08743,2024-02-22 11:46:36,2022-08-11,2022-08-15,Express,DB-13210,Dean Braden,Consumer,United States,Houston,Texas,77041,Central,TEC-AC-10001772,Technology,Accessories,Memorex Mini Travel Drive 16 GB USB 2.0 Flash Drive,416.75,4,0.05,-7.16
DO-99226,2024-02-22 11:46:36,2022-10-19,2022-10-26,Standard,DO-13435,Denny Ordway,Consumer,United States,New York City,New York,10035,East,FUR-TA-10004575,Furniture,Tables,Hon 5100 Series Wood Tables,222.59,8,0.16,-15.41
DO-99226,2024-02-22 11:46:36,2022-10-19,2022-10-26,Standard,DO-13435,Denny Ordway,Consumer,United States,New York City,New York,10035,East,OFF-PA-10004359,Office Supplies,Paper,Multicolor Computer Printout Paper,200.57,9,0.01,-14.31
RD-17866,2024-02-22 11:46:36,2022-01-21,2022-01-31,Standard,RD-19720,Roger Demir,Consumer,United States,San Francisco,California,94122,West,OFF-AR-10001044,Office Supplies,Art,"BOSTON Ranger #55 Pencil Sharpener, Black",407.32,4,0.11,-10.93
RD-17866,2024-02-22 11:46:36,2022-01-21,2022-01-31,Standard,RD-19720,Roger Demir,Consumer,United States,San Francisco,California,94122,West,OFF-ST-10000943,Office Supplies,Storage,Eldon ProFile File 'N Store Portable File Tub Letter/Legal Size Black,321.16,8,0.08,-18.19
RD-17866,2024-02-22 11:46:36,2022-01-21,2022-01-31,Standard,RD-19720,Roger Demir,Consumer,United States,San Francisco,California,94122,West,OFF-BI-10001308,Office Supplies,Binders,GBC Standard Plastic Binding Systems' Combs,318.02,2,0.09,1.17
RD-17866,2024-02-22 11:46:36,2022-01-21,2022-01-31,Standard,RD-19720,Roger Demir,Consumer,United States,San Francisco,California,94122,West,OFF-AR-10003759,Office Supplies,Art,"Crayola Anti Dust Chalk, 12/Pack",312.48,4,0.19,11.11
SN-45345,2024-02-22 11:46:36,2024-01-21,2024-01-23,Standard,SN-20560,Skye Norling,Home Office,United States,Peoria,Arizona,85345,West,OFF-AR-10003770,Office Supplies,Art,Newell 340,337.45,5,0.12,16.57
SN-45345,2024-02-22 11:46:36,2024-01-21,2024-01-23,Standard,SN-20560,Skye Norling,Home Office,United States,Peoria,Arizona,85345,West,TEC-PH-10004100,Technology,Phones,Griffin GC17055 Auxiliary Audio Cable,415.62,7,0.2,-19.4
SN-45345,2024-02-22 11:46:36,2024-01-21,2024-01-23,Standard,SN-20560,Skye Norling,Home Office,United States,Peoria,Arizona,85345,West,OFF-EN-10000461,Office Supplies,Envelopes,"#10- 4 1/8"" x 9 1/2"" Recycled Envelopes",238.45,1,0.13,-8.91
SN-45345,2024-02-22 11:46:36,2024-01-21,2024-01-23,Standard,SN-20560,Skye Norling,Home Office,United States,Peoria,Arizona,85345,West,OFF-EN-10003160,Office Supplies,Envelopes,Pastel Pink Envelopes,312.29,5,0.16,-1.51
ML-23517,2024-02-22 11:46:36,2023-02-16,2023-02-17,Express,ML-17410,Maris LaWare,Consumer,United States,Philadelphia,Pennsylvania,19143,East,OFF-BI-10003676,Office Supplies,Binders,"GBC Standard Recycled Report Covers, Clear Plastic Sheets",239.46,9,0.05,-8.54
ML-23517,2024-02-22 11:46:36,2023-02-16,2023-02-17,Express,ML-17410,Maris LaWare,Consumer,United States,Philadelphia,Pennsylvania,19143,East,OFF-AP-10002287,Office Supplies,Appliances,"Eureka Sanitaire  Multi-Pro Heavy-Duty Upright, Disposable Bags",267.52,4,0.04,6.49
ML-23517,2024-02-22 11:46:36,2023-02-16,2023-02-17,Express,ML-17410,Maris LaWare,Consumer,United States,Philadelphia,Pennsylvania,19143,East,OFF-AR-10000823,Office Supplies,Art,Newell 307,226.8,8,0.19,-6.99
ML-23517,2024-02-22 11:46:36,2023-02-16,2023-02-17,Express,ML-17410,Maris LaWare,Consumer,United States,Philadelphia,Pennsylvania,19143,East,OFF-ST-10001490,Office Supplies,Storage,"Hot File 7-Pocket, Floor Stand",334.31,5,0.09,15.24
RP-33170,2024-02-22 11:46:36,2022-03-20,2022-03-30,Express,RP-19270,Rachel Payne,Corporate,United States,Seattle,Washington,98115,West,OFF-PA-10000474,Office Supplies,Paper,Easy-staple paper,396.03,5,0.06,-1.07
RP-33170,2024-02-22 11:46:36,2022-03-20,2022-03-30,Express,RP-19270,Rachel Payne,Corporate,United States,Seattle,Washington,98115,West,OFF-ST-10003805,Office Supplies,Storage,"24 Capacity Maxi Data Binder Racks, Pearl",245.42,5,0.13,16.51
RP-33170,2024-02-22 11:46:36,2022-03-20,2022-03-30,Express,RP-19270,Rachel Payne,Corporate,United States,Seattle,Washington,98115,West,TEC-PH-10002415,Technology,Phones,Polycom VoiceStation 500 Conference�phone,348.57,10,0.05,4.04
LP-10456,2024-02-22 11:46:36,2023-09-16,2023-09-17,Express,LP-17095,Liz Preis,Consumer,United States,Visalia,California,93277,West,OFF-AP-10002684,Office Supplies,Appliances,"Acco 7-Outlet Masterpiece Power Center, Wihtout Fax/Phone Line Protection",361.18,1,0.17,13.47
LP-10456,2024-02-22 11:46:36,2023-09-16,2023-09-17,Express,LP-17095,Liz Preis,Consumer,United States,Visalia,California,93277,West,FUR-FU-10003274,Furniture,Furnishings,Regeneration Desk Collection,261.49,10,0.19,3.02
LP-10456,2024-02-22 11:46:36,2023-09-16,2023-09-17,Express,LP-17095,Liz Preis,Consumer,United States,Visalia,California,93277,West,FUR-CH-10001854,Furniture,Chairs,Office Star - Professional Matrix Back Chair with 2-to-1 Synchro Tilt and Mesh Fabric Seat,477.47,4,0.11,19.3
LP-10456,2024-02-22 11:46:36,2023-09-16,2023-09-17,Express,LP-17095,Liz Preis,Consumer,United States,Visalia,California,93277,West,OFF-BI-10001116,Office Supplies,Binders,"Wilson Jones 1"" Hanging DublLock Ring Binders",213.18,10,0.06,4.59
EB-81589,2024-02-22 11:46:36,2022-09-11,2022-09-15,Standard,EB-13840,Ellis Ballard,Corporate,United States,Richmond,Virginia,23223,South,TEC-PH-10001835,Technology,Phones,Jawbone JAMBOX Wireless Bluetooth Speaker,399.45,7,0.1,2.35
EB-81589,2024-02-22 11:46:36,2022-09-11,2022-09-15,Standard,EB-13840,Ellis Ballard,Corporate,United States,Richmond,Virginia,23223,South,TEC-AC-10000109,Technology,Accessories,Sony Micro Vault Click 16 GB USB 2.0 Flash Drive,489.15,4,0.1,17.41
EB-81589,2024-02-22 11:46:36,2022-09-11,2022-09-15,Standard,EB-13840,Ellis Ballard,Corporate,United States,Richmond,Virginia,23223,South,OFF-PA-10004947,Office Supplies,Paper,Easy-staple paper,495.12,7,0.11,-8.2
EB-81589,2024-02-22 11:46:36,2022-09-11,2022-09-15,Standard,EB-13840,Ellis Ballard,Corporate,United States,Richmond,Virginia,23223,South,FUR-TA-10002645,Furniture,Tables,Hon Rectangular Conference Tables,362.47,7,0.01,0.92
MA-96170,2024-02-22 11:46:36,2022-01-06,2022-01-11,Express,MA-17560,Matt Abelman,Home Office,United States,Houston,Texas,77095,Central,TEC-AC-10000736,Technology,Accessories,Logitech G600 MMO Gaming Mouse,228.38,3,0.12,-8.83
MA-96170,2024-02-22 11:46:36,2022-01-06,2022-01-11,Express,MA-17560,Matt Abelman,Home Office,United States,Houston,Texas,77095,Central,FUR-BO-10002545,Furniture,Bookcases,"Atlantic Metals Mobile 3-Shelf Bookcases, Custom Colors",493.65,8,0.17,-14.33
MA-96170,2024-02-22 11:46:36,2022-01-06,2022-01-11,Express,MA-17560,Matt Abelman,Home Office,United States,Houston,Texas,77095,Central,TEC-AC-10001114,Technology,Accessories,Microsoft Wireless Mobile Mouse 4000,422.86,6,0.01,6.05
MA-96170,2024-02-22 11:46:36,2022-01-06,2022-01-11,Express,MA-17560,Matt Abelman,Home Office,United States,Houston,Texas,77095,Central,FUR-BO-10001619,Furniture,Bookcases,O'Sullivan Cherrywood Estates Traditional Bookcase,204.63,8,0.18,-13.95
BP-25433,2024-02-22 11:46:36,2023-12-09,2023-12-15,Express,BP-11095,Bart Pistole,Corporate,United States,Lawrence,Massachusetts,1841,East,OFF-AP-10003622,Office Supplies,Appliances,"Bravo II Megaboss 12-Amp Hard Body Upright, Replacement Belts, 2 Belts per Pack",415.11,3,0.09,-7.37
BP-25433,2024-02-22 11:46:36,2023-12-09,2023-12-15,Express,BP-11095,Bart Pistole,Corporate,United States,Lawrence,Massachusetts,1841,East,OFF-PA-10001815,Office Supplies,Paper,Xerox 1885,280.7,3,0.12,-3.1
BP-25433,2024-02-22 11:46:36,2023-12-09,2023-12-15,Express,BP-11095,Bart Pistole,Corporate,United States,Lawrence,Massachusetts,1841,East,FUR-BO-10003966,Furniture,Bookcases,"Sauder Facets Collection Library, Sky Alder Finish",466.58,6,0.12,7.51
BP-25433,2024-02-22 11:46:36,2023-12-09,2023-12-15,Express,BP-11095,Bart Pistole,Corporate,United States,Lawrence,Massachusetts,1841,East,FUR-FU-10002703,Furniture,Furnishings,"Tenex Traditional Chairmats for Hard Floors, Average Lip, 36"" x 48""",456.3,2,0.19,6.18
MH-48458,2024-02-22 11:46:36,2024-02-05,2024-02-14,Express,MH-18025,Michelle Huthwaite,Consumer,United States,Seattle,Washington,98115,West,OFF-LA-10002787,Office Supplies,Labels,Avery 480,401.51,4,0.17,-0.14
MH-48458,2024-02-22 11:46:36,2024-02-05,2024-02-14,Express,MH-18025,Michelle Huthwaite,Consumer,United States,Seattle,Washington,98115,West,OFF-ST-10003692,Office Supplies,Storage,Recycled Steel Personal File for Hanging File Folders,499.22,10,0.12,13.22
MH-48458,2024-02-22 11:46:36,2024-02-05,2024-02-14,Express,MH-18025,Michelle Huthwaite,Consumer,United States,Seattle,Washington,98115,West,OFF-PA-10001934,Office Supplies,Paper,Xerox 1993,436.68,3,0.06,16.61
MH-48458,2024-02-22 11:46:36,2024-02-05,2024-02-14,Express,MH-18025,Michelle Huthwaite,Consumer,United States,Seattle,Washington,98115,West,OFF-AR-10001419,Office Supplies,Art,Newell 325,243.7,10,0.04,-7.38
SB-86849,2024-02-22 11:46:36,2023-12-15,2023-12-20,Standard,SB-20290,Sean Braxton,Corporate,United States,Florence,South Carolina,29501,South,TEC-AC-10002018,Technology,Accessories,AmazonBasics 3-Button USB Wired Mouse,406.28,8,0.01,9.58
SB-86849,2024-02-22 11:46:36,2023-12-15,2023-12-20,Standard,SB-20290,Sean Braxton,Corporate,United States,Florence,South Carolina,29501,South,OFF-SU-10001225,Office Supplies,Supplies,Staple remover,256.68,4,0.13,8.14
AB-71046,2024-02-22 11:46:36,2023-09-13,2023-09-16,Express,AB-10165,Alan Barnes,Consumer,United States,Los Angeles,California,90045,West,OFF-LA-10001771,Office Supplies,Labels,Avery 513,447.13,6,0.14,-5.28
AB-71046,2024-02-22 11:46:36,2023-09-13,2023-09-16,Express,AB-10165,Alan Barnes,Consumer,United States,Los Angeles,California,90045,West,OFF-BI-10004002,Office Supplies,Binders,Wilson Jones International Size A4 Ring Binders,421.58,4,0.1,-6.49
AB-71046,2024-02-22 11:46:36,2023-09-13,2023-09-16,Express,AB-10165,Alan Barnes,Consumer,United States,Los Angeles,California,90045,West,OFF-AP-10004249,Office Supplies,Appliances,Staple holder,254.21,6,0.06,16.35
PS-02265,2024-02-22 11:46:36,2022-07-19,2022-07-26,Standard,PS-19045,Penelope Sewall,Home Office,United States,Harrisonburg,Virginia,22801,South,OFF-PA-10002222,Office Supplies,Paper,"Xerox Color Copier Paper, 11"" x 17"", Ream",405.42,4,0.04,12.47
PS-02265,2024-02-22 11:46:36,2022-07-19,2022-07-26,Standard,PS-19045,Penelope Sewall,Home Office,United States,Harrisonburg,Virginia,22801,South,OFF-AR-10001149,Office Supplies,Art,"Sanford Colorific Colored Pencils, 12/Box",457.4,10,0.17,0.75
PS-02265,2024-02-22 11:46:36,2022-07-19,2022-07-26,Standard,PS-19045,Penelope Sewall,Home Office,United States,Harrisonburg,Virginia,22801,South,OFF-SU-10001574,Office Supplies,Supplies,Acme Value Line Scissors,415.07,5,0.18,-17.35
EH-89783,2024-02-22 11:46:36,2022-04-14,2022-04-18,Standard,EH-13765,Edward Hooks,Corporate,United States,Revere,Massachusetts,2151,East,FUR-CH-10003396,Furniture,Chairs,Global Deluxe Steno Chair,460.28,10,0.04,-3.37
PF-33028,2024-02-22 11:46:36,2022-01-01,2022-01-04,Standard,PF-19120,Peter Fuller,Consumer,United States,New York City,New York,10035,East,OFF-PA-10004911,Office Supplies,Paper,"Rediform S.O.S. 1-Up Phone Message Bk, 4-1/4x3-1/16 Bk, 1 Form/Pg, 40 Messages/Bk, 3/Pk",374.24,9,0.16,11.36
PF-33028,2024-02-22 11:46:36,2022-01-01,2022-01-04,Standard,PF-19120,Peter Fuller,Consumer,United States,New York City,New York,10035,East,OFF-ST-10000352,Office Supplies,Storage,Acco Perma 2700 Stacking Storage Drawers,405.96,1,0.06,-6.17
PF-33028,2024-02-22 11:46:36,2022-01-01,2022-01-04,Standard,PF-19120,Peter Fuller,Consumer,United States,New York City,New York,10035,East,TEC-AC-10002399,Technology,Accessories,SanDisk Cruzer 32 GB USB Flash Drive,262.65,10,0.0,-15.4
PF-33028,2024-02-22 11:46:36,2022-01-01,2022-01-04,Standard,PF-19120,Peter Fuller,Consumer,United States,New York City,New York,10035,East,OFF-AR-10002135,Office Supplies,Art,Boston Heavy-Duty Trimline Electric Pencil Sharpeners,390.94,6,0.18,2.37
SW-95381,2024-02-22 11:46:36,2023-07-18,2023-07-26,Standard,SW-20350,Sean Wendt,Home Office,United States,Cleveland,Ohio,44105,East,OFF-BI-10001097,Office Supplies,Binders,Avery Hole Reinforcements,485.55,4,0.06,-5.56
SW-95381,2024-02-22 11:46:36,2023-07-18,2023-07-26,Standard,SW-20350,Sean Wendt,Home Office,United States,Cleveland,Ohio,44105,East,OFF-ST-10003306,Office Supplies,Storage,Letter Size Cart,263.01,9,0.12,4.69
EM-37624,2024-02-22 11:46:36,2023-06-18,2023-06-21,Standard,EM-13810,Eleni McCrary,Corporate,United States,New York City,New York,10009,East,FUR-FU-10004963,Furniture,Furnishings,"Eldon 400 Class Desk Accessories, Black Carbon",255.39,1,0.03,13.49
EM-37624,2024-02-22 11:46:36,2023-06-18,2023-06-21,Standard,EM-13810,Eleni McCrary,Corporate,United States,New York City,New York,10009,East,OFF-ST-10001370,Office Supplies,Storage,Sensible Storage WireTech Storage Systems,367.66,4,0.14,17.51
GH-42127,2024-02-22 11:46:36,2023-01-08,2023-01-09,Express,GH-14410,Gary Hansen,Home Office,United States,Houston,Texas,77070,Central,OFF-AP-10004859,Office Supplies,Appliances,Acco 6 Outlet Guardian Premium Surge Suppressor,297.09,8,0.14,-16.71
GH-42127,2024-02-22 11:46:36,2023-01-08,2023-01-09,Express,GH-14410,Gary Hansen,Home Office,United States,Houston,Texas,77070,Central,OFF-AP-10002518,Office Supplies,Appliances,Kensington 7 Outlet MasterPiece Power Center,417.21,2,0.06,8.38
GH-42127,2024-02-22 11:46:36,2023-01-08,2023-01-09,Express,GH-14410,Gary Hansen,Home Office,United States,Houston,Texas,77070,Central,OFF-AR-10000634,Office Supplies,Art,Newell 320,494.99,4,0.1,-16.83
GH-42127,2024-02-22 11:46:36,2023-01-08,2023-01-09,Express,GH-14410,Gary Hansen,Home Office,United States,Houston,Texas,77070,Central,OFF-PA-10001977,Office Supplies,Paper,Xerox 194,266.06,1,0.07,11.67
GH-42127,2024-02-22 11:46:36,2023-01-08,2023-01-09,Express,GH-14410,Gary Hansen,Home Office,United States,Houston,Texas,77070,Central,OFF-PA-10000289,Office Supplies,Paper,Xerox 213,325.74,4,0.17,-16.4
CC-36077,2024-02-22 11:46:36,2022-01-16,2022-01-23,Express,CC-12475,Cindy Chapman,Consumer,United States,Baltimore,Maryland,21215,East,TEC-PH-10001644,Technology,Phones,"BlueLounge Milo Smartphone Stand, White/Metallic",350.31,5,0.07,-14.4
CC-36077,2024-02-22 11:46:36,2022-01-16,2022-01-23,Express,CC-12475,Cindy Chapman,Consumer,United States,Baltimore,Maryland,21215,East,TEC-AC-10001314,Technology,Accessories,Case Logic 2.4GHz Wireless Keyboard,242.95,2,0.12,13.1
JP-93793,2024-02-22 11:46:36,2023-05-15,2023-05-19,Standard,JP-16135,Julie Prescott,Home Office,United States,Columbus,Georgia,31907,South,FUR-BO-10004709,Furniture,Bookcases,"Bush Westfield Collection Bookcases, Medium Cherry Finish",312.38,1,0.04,5.76
MH-20765,2024-02-22 11:46:36,2022-11-11,2022-11-19,Express,MH-18115,Mick Hernandez,Home Office,United States,Chester,Pennsylvania,19013,East,TEC-PH-10003092,Technology,Phones,Motorola L804,293.84,4,0.04,-4.18
BP-67320,2024-02-22 11:46:36,2022-04-26,2022-05-03,Standard,BP-11230,Benjamin Patterson,Consumer,United States,Spokane,Washington,99207,West,TEC-PH-10000307,Technology,Phones,Shocksock Galaxy S4 Armband,289.8,1,0.13,-15.56
BP-67320,2024-02-22 11:46:36,2022-04-26,2022-05-03,Standard,BP-11230,Benjamin Patterson,Consumer,United States,Spokane,Washington,99207,West,FUR-FU-10003976,Furniture,Furnishings,"DAX Executive Solid Wood Document Frame, Desktop or Hang, Mahogany, 5 x 7",254.65,1,0.0,14.04
BP-67320,2024-02-22 11:46:36,2022-04-26,2022-05-03,Standard,BP-11230,Benjamin Patterson,Consumer,United States,Spokane,Washington,99207,West,OFF-BI-10002393,Office Supplies,Binders,Binder Posts,445.33,6,0.06,-6.06
BP-67320,2024-02-22 11:46:36,2022-04-26,2022-05-03,Standard,BP-11230,Benjamin Patterson,Consumer,United States,Spokane,Washington,99207,West,FUR-FU-10003347,Furniture,Furnishings,Coloredge Poster Frame,466.38,5,0.09,1.34
GM-88387,2024-02-22 11:46:36,2024-02-14,2024-02-22,Express,GM-14500,Gene McClure,Consumer,United States,Fresno,California,93727,West,FUR-TA-10001676,Furniture,Tables,Hon 61000 Series Interactive Training Tables,259.81,5,0.02,13.45
PS-34608,2024-02-22 11:46:36,2024-02-11,2024-02-19,Standard,PS-18970,Paul Stevenson,Home Office,United States,Chicago,Illinois,60610,Central,TEC-PH-10002660,Technology,Phones,Nortel Networks T7316 E Nt8 B27,240.67,2,0.04,-13.95
PS-34608,2024-02-22 11:46:36,2024-02-11,2024-02-19,Standard,PS-18970,Paul Stevenson,Home Office,United States,Chicago,Illinois,60610,Central,OFF-LA-10003720,Office Supplies,Labels,Avery 487,338.61,3,0.19,1.92
PS-34608,2024-02-22 11:46:36,2024-02-11,2024-02-19,Standard,PS-18970,Paul Stevenson,Home Office,United States,Chicago,Illinois,60610,Central,OFF-BI-10002982,Office Supplies,Binders,Avery Self-Adhesive Photo Pockets for Polaroid Photos,241.01,10,0.15,-6.73
KM-66611,2024-02-22 11:46:36,2024-01-21,2024-01-23,Standard,KM-16375,Katherine Murray,Home Office,United States,Salem,Virginia,24153,South,OFF-BI-10001510,Office Supplies,Binders,Deluxe Heavy-Duty Vinyl Round Ring Binder,473.94,1,0.14,-8.23
KT-32941,2024-02-22 11:46:36,2022-06-13,2022-06-23,Standard,KT-16480,Kean Thornton,Consumer,United States,Columbus,Georgia,31907,South,OFF-AP-10002350,Office Supplies,Appliances,Belkin F9H710-06 7 Outlet SurgeMaster Surge Protector,322.36,5,0.18,-11.36
KT-32941,2024-02-22 11:46:36,2022-06-13,2022-06-23,Standard,KT-16480,Kean Thornton,Consumer,United States,Columbus,Georgia,31907,South,TEC-AC-10002006,Technology,Accessories,Memorex Micro Travel Drive 16 GB,357.54,8,0.05,1.02
PG-97241,2024-02-22 11:46:36,2022-10-13,2022-10-17,Standard,PG-18820,Patrick Gardner,Consumer,United States,San Francisco,California,94110,West,TEC-AC-10002006,Technology,Accessories,Memorex Micro Travel Drive 16 GB,246.99,2,0.15,-0.6
PG-97241,2024-02-22 11:46:36,2022-10-13,2022-10-17,Standard,PG-18820,Patrick Gardner,Consumer,United States,San Francisco,California,94110,West,OFF-BI-10002557,Office Supplies,Binders,Presstex Flexible Ring Binders,263.6,5,0.15,18.76
PG-97241,2024-02-22 11:46:36,2022-10-13,2022-10-17,Standard,PG-18820,Patrick Gardner,Consumer,United States,San Francisco,California,94110,West,TEC-PH-10002170,Technology,Phones,ClearSounds CSC500 Amplified Spirit Phone Corded phone,284.43,8,0.1,12.35
PG-97241,2024-02-22 11:46:36,2022-10-13,2022-10-17,Standard,PG-18820,Patrick Gardner,Consumer,United States,San Francisco,California,94110,West,TEC-PH-10004586,Technology,Phones,Wilson SignalBoost 841262 DB PRO Amplifier Kit,304.95,1,0.12,19.76
PG-97241,2024-02-22 11:46:36,2022-10-13,2022-10-17,Standard,PG-18820,Patrick Gardner,Consumer,United States,San Francisco,California,94110,West,TEC-MA-10002694,Technology,Machines,Hewlett-Packard Deskjet F4180 All-in-One Color Ink-jet - Printer / copier / scanner,261.46,2,0.03,15.99
LF-35824,2024-02-22 11:46:36,2024-01-24,2024-02-03,Express,LF-17185,Luke Foster,Consumer,United States,San Antonio,Texas,78207,Central,FUR-CH-10002024,Furniture,Chairs,HON 5400 Series Task Chairs for Big and Tall,413.39,3,0.1,-10.56
LF-35824,2024-02-22 11:46:36,2024-01-24,2024-02-03,Express,LF-17185,Luke Foster,Consumer,United States,San Antonio,Texas,78207,Central,TEC-PH-10003095,Technology,Phones,Samsung HM1900 Bluetooth Headset,230.56,4,0.12,-2.56
LF-35824,2024-02-22 11:46:36,2024-01-24,2024-02-03,Express,LF-17185,Luke Foster,Consumer,United States,San Antonio,Texas,78207,Central,OFF-BI-10001989,Office Supplies,Binders,Premium Transparent Presentation Covers by GBC,450.7,10,0.02,0.66
LF-35824,2024-02-22 11:46:36,2024-01-24,2024-02-03,Express,LF-17185,Luke Foster,Consumer,United States,San Antonio,Texas,78207,Central,FUR-TA-10001539,Furniture,Tables,Chromcraft Rectangular Conference Tables,273.76,5,0.05,-7.85
MG-21013,2024-02-22 11:46:36,2023-06-08,2023-06-11,Standard,MG-17890,Michael Granlund,Home Office,United States,Concord,New Hampshire,3301,East,OFF-BI-10002071,Office Supplies,Binders,Fellowes Black Plastic Comb Bindings,439.19,8,0.19,0.58
MG-21013,2024-02-22 11:46:36,2023-06-08,2023-06-11,Standard,MG-17890,Michael Granlund,Home Office,United States,Concord,New Hampshire,3301,East,TEC-AC-10003399,Technology,Accessories,Memorex Mini Travel Drive 64 GB USB 2.0 Flash Drive,301.51,9,0.09,11.93
MG-21013,2024-02-22 11:46:36,2023-06-08,2023-06-11,Standard,MG-17890,Michael Granlund,Home Office,United States,Concord,New Hampshire,3301,East,OFF-SU-10003567,Office Supplies,Supplies,Stiletto Hand Letter Openers,258.68,10,0.15,18.98
SL-53909,2024-02-22 11:46:36,2022-09-17,2022-09-23,Express,SL-20155,Sara Luxemburg,Home Office,United States,Salem,Oregon,97301,West,OFF-AR-10003469,Office Supplies,Art,Nontoxic Chalk,349.07,3,0.16,8.02
SL-53909,2024-02-22 11:46:36,2022-09-17,2022-09-23,Express,SL-20155,Sara Luxemburg,Home Office,United States,Salem,Oregon,97301,West,OFF-ST-10000876,Office Supplies,Storage,Eldon Simplefile Box Office,471.22,6,0.03,5.62
SL-53909,2024-02-22 11:46:36,2022-09-17,2022-09-23,Express,SL-20155,Sara Luxemburg,Home Office,United States,Salem,Oregon,97301,West,OFF-BI-10001765,Office Supplies,Binders,Wilson Jones Heavy-Duty Casebound Ring Binders with Metal Hinges,354.51,7,0.06,7.0
SL-53909,2024-02-22 11:46:36,2022-09-17,2022-09-23,Express,SL-20155,Sara Luxemburg,Home Office,United States,Salem,Oregon,97301,West,OFF-ST-10000943,Office Supplies,Storage,Eldon ProFile File 'N Store Portable File Tub Letter/Legal Size Black,414.19,4,0.01,7.71
SL-53909,2024-02-22 11:46:36,2022-09-17,2022-09-23,Express,SL-20155,Sara Luxemburg,Home Office,United States,Salem,Oregon,97301,West,OFF-AR-10004344,Office Supplies,Art,Bulldog Vacuum Base Pencil Sharpener,331.03,6,0.1,12.47
MC-68313,2024-02-22 11:46:36,2023-03-31,2023-04-08,Express,MC-17635,Matthew Clasen,Corporate,United States,Los Angeles,California,90032,West,FUR-FU-10003347,Furniture,Furnishings,Coloredge Poster Frame,216.28,3,0.19,13.45
MC-68313,2024-02-22 11:46:36,2023-03-31,2023-04-08,Express,MC-17635,Matthew Clasen,Corporate,United States,Los Angeles,California,90032,West,FUR-BO-10001337,Furniture,Bookcases,O'Sullivan Living Dimensions 2-Shelf Bookcases,491.88,6,0.02,-10.86
DB-62685,2024-02-22 11:46:36,2023-11-30,2023-12-06,Express,DB-13060,Dave Brooks,Consumer,United States,Lowell,Massachusetts,1852,East,OFF-PA-10002365,Office Supplies,Paper,Xerox 1967,448.64,8,0.14,1.23
DB-62685,2024-02-22 11:46:36,2023-11-30,2023-12-06,Express,DB-13060,Dave Brooks,Consumer,United States,Lowell,Massachusetts,1852,East,OFF-PA-10002499,Office Supplies,Paper,Xerox 1890,373.83,6,0.01,-14.58
DB-62685,2024-02-22 11:46:36,2023-11-30,2023-12-06,Express,DB-13060,Dave Brooks,Consumer,United States,Lowell,Massachusetts,1852,East,OFF-PA-10001838,Office Supplies,Paper,"Adams Telephone Message Book W/Dividers/Space For Phone Numbers, 5 1/4""X8 1/2"", 300/Messages",398.21,5,0.05,-7.01
DB-62685,2024-02-22 11:46:36,2023-11-30,2023-12-06,Express,DB-13060,Dave Brooks,Consumer,United States,Lowell,Massachusetts,1852,East,OFF-BI-10000546,Office Supplies,Binders,Avery Durable Binders,372.28,8,0.19,19.46
DB-62685,2024-02-22 11:46:36,2023-11-30,2023-12-06,Express,DB-13060,Dave Brooks,Consumer,United States,Lowell,Massachusetts,1852,East,OFF-BI-10003350,Office Supplies,Binders,Acco Expandable Hanging Binders,281.42,9,0.16,10.56
TT-93702,2024-02-22 11:46:36,2024-01-28,2024-01-31,Standard,TT-21070,Ted Trevino,Consumer,United States,Akron,Ohio,44312,East,OFF-PA-10002986,Office Supplies,Paper,Xerox 1898,314.11,8,0.02,-8.2
TT-93702,2024-02-22 11:46:36,2024-01-28,2024-01-31,Standard,TT-21070,Ted Trevino,Consumer,United States,Akron,Ohio,44312,East,TEC-MA-10001016,Technology,Machines,Canon PC170 Desktop Personal Copier,220.57,9,0.11,-15.76
TT-93702,2024-02-22 11:46:36,2024-01-28,2024-01-31,Standard,TT-21070,Ted Trevino,Consumer,United States,Akron,Ohio,44312,East,TEC-AC-10004469,Technology,Accessories,Microsoft Sculpt Comfort Mouse,356.79,2,0.0,18.25
TT-93702,2024-02-22 11:46:36,2024-01-28,2024-01-31,Standard,TT-21070,Ted Trevino,Consumer,United States,Akron,Ohio,44312,East,OFF-EN-10001219,Office Supplies,Envelopes,"#10- 4 1/8"" x 9 1/2"" Security-Tint Envelopes",295.82,1,0.04,-7.3
LC-82777,2024-02-22 11:46:36,2023-12-29,2024-01-05,Express,LC-16960,Lindsay Castell,Home Office,United States,New York City,New York,10024,East,FUR-BO-10004015,Furniture,Bookcases,"Bush Andora Bookcase, Maple/Graphite Gray Finish",416.58,10,0.06,-9.32
LC-82777,2024-02-22 11:46:36,2023-12-29,2024-01-05,Express,LC-16960,Lindsay Castell,Home Office,United States,New York City,New York,10024,East,FUR-FU-10001095,Furniture,Furnishings,DAX Black Cherry Wood-Tone Poster Frame,370.25,3,0.16,-16.83
LC-82777,2024-02-22 11:46:36,2023-12-29,2024-01-05,Express,LC-16960,Lindsay Castell,Home Office,United States,New York City,New York,10024,East,TEC-AC-10000521,Technology,Accessories,"Verbatim Slim CD and DVD Storage Cases, 50/Pack",476.23,6,0.02,-5.87
KT-99881,2024-02-22 11:46:36,2022-06-10,2022-06-18,Express,KT-16480,Kean Thornton,Consumer,United States,Buffalo,New York,14215,East,OFF-BI-10004040,Office Supplies,Binders,Wilson Jones Impact Binders,483.77,4,0.02,19.61
JF-78189,2024-02-22 11:46:36,2023-05-07,2023-05-16,Standard,JF-15295,Jason Fortune-,Consumer,United States,Seattle,Washington,98103,West,OFF-BI-10002309,Office Supplies,Binders,Avery Heavy-Duty EZD  Binder With Locking Rings,275.98,4,0.05,15.41
SU-17460,2024-02-22 11:46:36,2023-08-29,2023-09-03,Express,SU-20665,Stephanie Ulpright,Home Office,United States,Greenville,North Carolina,27834,South,OFF-FA-10000621,Office Supplies,Fasteners,"OIC Colored Binder Clips, Assorted Sizes",320.02,3,0.2,3.85
SU-17460,2024-02-22 11:46:36,2023-08-29,2023-09-03,Express,SU-20665,Stephanie Ulpright,Home Office,United States,Greenville,North Carolina,27834,South,TEC-AC-10002049,Technology,Accessories,Logitech G19 Programmable Gaming Keyboard,293.82,2,0.04,19.82
SU-17460,2024-02-22 11:46:36,2023-08-29,2023-09-03,Express,SU-20665,Stephanie Ulpright,Home Office,United States,Greenville,North Carolina,27834,South,FUR-TA-10001095,Furniture,Tables,Chromcraft Round Conference Tables,369.58,1,0.16,-19.73
RB-59604,2024-02-22 11:46:36,2022-07-07,2022-07-11,Standard,RB-19360,Raymond Buch,Consumer,United States,Sioux Falls,South Dakota,57103,Central,TEC-PH-10001819,Technology,Phones,Innergie mMini Combo Duo USB Travel Charging Kit,309.38,10,0.08,-6.84
RB-59604,2024-02-22 11:46:36,2022-07-07,2022-07-11,Standard,RB-19360,Raymond Buch,Consumer,United States,Sioux Falls,South Dakota,57103,Central,OFF-PA-10001800,Office Supplies,Paper,Xerox 220,402.05,4,0.03,-1.57
RB-59604,2024-02-22 11:46:36,2022-07-07,2022-07-11,Standard,RB-19360,Raymond Buch,Consumer,United States,Sioux Falls,South Dakota,57103,Central,FUR-BO-10004834,Furniture,Bookcases,"Riverside Palais Royal Lawyers Bookcase, Royale Cherry Finish",393.03,9,0.15,17.39
AH-81286,2024-02-22 11:46:36,2023-08-16,2023-08-26,Standard,AH-10585,Angele Hood,Consumer,United States,Seattle,Washington,98105,West,FUR-TA-10001857,Furniture,Tables,Balt Solid Wood Rectangular Table,383.46,7,0.07,-15.11
AH-81286,2024-02-22 11:46:36,2023-08-16,2023-08-26,Standard,AH-10585,Angele Hood,Consumer,United States,Seattle,Washington,98105,West,OFF-ST-10003716,Office Supplies,Storage,Tennsco Double-Tier Lockers,356.73,8,0.14,-11.89
AH-81286,2024-02-22 11:46:36,2023-08-16,2023-08-26,Standard,AH-10585,Angele Hood,Consumer,United States,Seattle,Washington,98105,West,OFF-BI-10003460,Office Supplies,Binders,Acco 3-Hole Punch,246.98,7,0.14,7.84
AH-81286,2024-02-22 11:46:36,2023-08-16,2023-08-26,Standard,AH-10585,Angele Hood,Consumer,United States,Seattle,Washington,98105,West,OFF-AR-10003829,Office Supplies,Art,Newell 35,373.1,4,0.13,-16.0
GZ-94256,2024-02-22 11:46:36,2023-02-08,2023-02-13,Standard,GZ-14545,George Zrebassa,Corporate,United States,Lawrence,Massachusetts,1841,East,OFF-PA-10003228,Office Supplies,Paper,Xerox 1917,268.61,5,0.11,-11.72
GZ-94256,2024-02-22 11:46:36,2023-02-08,2023-02-13,Standard,GZ-14545,George Zrebassa,Corporate,United States,Lawrence,Massachusetts,1841,East,OFF-AP-10001005,Office Supplies,Appliances,Honeywell Quietcare HEPA Air Cleaner,296.19,8,0.15,-5.78
GZ-94256,2024-02-22 11:46:36,2023-02-08,2023-02-13,Standard,GZ-14545,George Zrebassa,Corporate,United States,Lawrence,Massachusetts,1841,East,OFF-PA-10000029,Office Supplies,Paper,Xerox 224,305.47,6,0.07,10.23
ML-33432,2024-02-22 11:46:36,2022-09-24,2022-09-26,Standard,ML-17395,Marina Lichtenstein,Corporate,United States,Los Angeles,California,90008,West,OFF-PA-10004285,Office Supplies,Paper,Xerox 1959,305.72,7,0.08,-8.13
ML-33432,2024-02-22 11:46:36,2022-09-24,2022-09-26,Standard,ML-17395,Marina Lichtenstein,Corporate,United States,Los Angeles,California,90008,West,OFF-ST-10000078,Office Supplies,Storage,Tennsco 6- and 18-Compartment Lockers,365.29,9,0.11,-6.02
ML-33432,2024-02-22 11:46:36,2022-09-24,2022-09-26,Standard,ML-17395,Marina Lichtenstein,Corporate,United States,Los Angeles,California,90008,West,TEC-PH-10002645,Technology,Phones,LG G2,240.82,8,0.04,-8.96
LP-11426,2024-02-22 11:46:36,2023-12-10,2023-12-20,Standard,LP-17080,Liz Pelletier,Consumer,United States,San Francisco,California,94110,West,OFF-BI-10004970,Office Supplies,Binders,"ACCOHIDE 3-Ring Binder, Blue, 1""",243.8,9,0.18,-1.98
LP-11426,2024-02-22 11:46:36,2023-12-10,2023-12-20,Standard,LP-17080,Liz Pelletier,Consumer,United States,San Francisco,California,94110,West,OFF-PA-10001804,Office Supplies,Paper,Xerox 195,393.19,1,0.12,10.98
LP-11426,2024-02-22 11:46:36,2023-12-10,2023-12-20,Standard,LP-17080,Liz Pelletier,Consumer,United States,San Francisco,California,94110,West,FUR-CH-10001146,Furniture,Chairs,"Global Value Mid-Back Manager's Chair, Gray",215.27,5,0.04,7.34
LP-11426,2024-02-22 11:46:36,2023-12-10,2023-12-20,Standard,LP-17080,Liz Pelletier,Consumer,United States,San Francisco,California,94110,West,OFF-ST-10001522,Office Supplies,Storage,"Gould Plastics 18-Pocket Panel Bin, 34w x 5-1/4d x 20-1/2h",430.66,4,0.17,14.54
AC-86227,2024-02-22 11:46:36,2023-02-15,2023-02-21,Standard,AC-10450,Amy Cox,Consumer,United States,Pembroke Pines,Florida,33024,South,TEC-AC-10004708,Technology,Accessories,Sony 32GB Class 10 Micro SDHC R40 Memory Card,252.0,8,0.09,8.08
AC-86227,2024-02-22 11:46:36,2023-02-15,2023-02-21,Standard,AC-10450,Amy Cox,Consumer,United States,Pembroke Pines,Florida,33024,South,FUR-FU-10000023,Furniture,Furnishings,Eldon Wave Desk Accessories,208.36,3,0.09,-13.22
AC-86227,2024-02-22 11:46:36,2023-02-15,2023-02-21,Standard,AC-10450,Amy Cox,Consumer,United States,Pembroke Pines,Florida,33024,South,OFF-ST-10001837,Office Supplies,Storage,"SAFCO Mobile Desk Side File, Wire Frame",451.02,3,0.01,9.74
AC-86227,2024-02-22 11:46:36,2023-02-15,2023-02-21,Standard,AC-10450,Amy Cox,Consumer,United States,Pembroke Pines,Florida,33024,South,OFF-PA-10001878,Office Supplies,Paper,Xerox 1891,450.05,6,0.07,-8.48
NB-63377,2024-02-22 11:46:36,2022-05-27,2022-06-05,Standard,NB-18655,Nona Balk,Corporate,United States,Jacksonville,Florida,32216,South,OFF-BI-10003981,Office Supplies,Binders,"Avery Durable Plastic 1"" Binders",479.07,1,0.11,4.47
NB-63377,2024-02-22 11:46:36,2022-05-27,2022-06-05,Standard,NB-18655,Nona Balk,Corporate,United States,Jacksonville,Florida,32216,South,FUR-TA-10002855,Furniture,Tables,Bevis Round Conference Table Top & Single Column Base,293.91,4,0.17,-7.18
NB-63377,2024-02-22 11:46:36,2022-05-27,2022-06-05,Standard,NB-18655,Nona Balk,Corporate,United States,Jacksonville,Florida,32216,South,OFF-BI-10000494,Office Supplies,Binders,Acco Economy Flexible Poly Round Ring Binder,321.97,4,0.07,4.15
NB-63377,2024-02-22 11:46:36,2022-05-27,2022-06-05,Standard,NB-18655,Nona Balk,Corporate,United States,Jacksonville,Florida,32216,South,OFF-BI-10003727,Office Supplies,Binders,Avery Durable Slant Ring Binders With Label Holder,348.56,6,0.08,-3.12
VW-29410,2024-02-22 11:46:36,2023-04-25,2023-04-27,Standard,VW-21775,Victoria Wilson,Corporate,United States,San Francisco,California,94110,West,OFF-LA-10002034,Office Supplies,Labels,Avery 478,493.44,5,0.08,17.38
VW-29410,2024-02-22 11:46:36,2023-04-25,2023-04-27,Standard,VW-21775,Victoria Wilson,Corporate,United States,San Francisco,California,94110,West,TEC-PH-10001700,Technology,Phones,Panasonic KX-TG6844B Expandable Digital Cordless Telephone,433.52,7,0.07,-18.52
TH-27891,2024-02-22 11:46:36,2023-09-10,2023-09-14,Express,TH-21115,Thea Hudgings,Corporate,United States,Philadelphia,Pennsylvania,19140,East,OFF-AR-10001615,Office Supplies,Art,Newell 34,448.46,3,0.2,-18.89
EB-22103,2024-02-22 11:46:36,2022-05-07,2022-05-13,Standard,EB-13930,Eric Barreto,Consumer,United States,Chicago,Illinois,60653,Central,OFF-ST-10004950,Office Supplies,Storage,Acco Perma 3000 Stacking Storage Drawers,204.55,5,0.09,-15.85
MM-23468,2024-02-22 11:46:36,2023-02-28,2023-03-06,Express,MM-18280,Muhammed MacIntyre,Corporate,United States,Quincy,Illinois,62301,Central,FUR-FU-10004091,Furniture,Furnishings,"Howard Miller 13"" Diameter Goldtone Round Wall Clock",280.06,10,0.04,15.27
MM-23468,2024-02-22 11:46:36,2023-02-28,2023-03-06,Express,MM-18280,Muhammed MacIntyre,Corporate,United States,Quincy,Illinois,62301,Central,OFF-ST-10003327,Office Supplies,Storage,Akro-Mils 12-Gallon Tote,372.73,5,0.0,18.64
MM-23468,2024-02-22 11:46:36,2023-02-28,2023-03-06,Express,MM-18280,Muhammed MacIntyre,Corporate,United States,Quincy,Illinois,62301,Central,OFF-ST-10002554,Office Supplies,Storage,Tennsco Industrial Shelving,347.86,3,0.17,18.03
MM-23468,2024-02-22 11:46:36,2023-02-28,2023-03-06,Express,MM-18280,Muhammed MacIntyre,Corporate,United States,Quincy,Illinois,62301,Central,FUR-FU-10001379,Furniture,Furnishings,"Executive Impressions 16-1/2"" Circular Wall Clock",445.37,8,0.03,-14.49
BD-15651,2024-02-22 11:46:36,2022-08-16,2022-08-24,Standard,BD-11560,Brendan Dodson,Home Office,United States,Fresno,California,93727,West,OFF-PA-10000249,Office Supplies,Paper,Easy-staple paper,300.35,10,0.03,-14.77
TB-37370,2024-02-22 11:46:36,2023-02-06,2023-02-07,Standard,TB-21595,Troy Blackwell,Consumer,United States,Columbus,Indiana,47201,Central,OFF-ST-10001837,Office Supplies,Storage,"SAFCO Mobile Desk Side File, Wire Frame",318.08,5,0.06,-14.39
TB-37370,2024-02-22 11:46:36,2023-02-06,2023-02-07,Standard,TB-21595,Troy Blackwell,Consumer,United States,Columbus,Indiana,47201,Central,OFF-AR-10002399,Office Supplies,Art,"Dixon Prang Watercolor Pencils, 10-Color Set with Brush",452.33,10,0.11,-13.43
TB-37370,2024-02-22 11:46:36,2023-02-06,2023-02-07,Standard,TB-21595,Troy Blackwell,Consumer,United States,Columbus,Indiana,47201,Central,TEC-AC-10004877,Technology,Accessories,Imation�30456 USB�Flash Drive�8GB,291.6,4,0.2,19.39
TB-37370,2024-02-22 11:46:36,2023-02-06,2023-02-07,Standard,TB-21595,Troy Blackwell,Consumer,United States,Columbus,Indiana,47201,Central,FUR-FU-10001487,Furniture,Furnishings,"Eldon Expressions Wood and Plastic Desk Accessories, Cherry Wood",275.84,5,0.19,19.01
MC-62519,2024-02-22 11:46:36,2024-01-16,2024-01-25,Express,MC-17605,Matt Connell,Corporate,United States,Houston,Texas,77070,Central,FUR-CH-10002335,Furniture,Chairs,Hon GuestStacker Chair,382.02,3,0.18,7.08
MC-62519,2024-02-22 11:46:36,2024-01-16,2024-01-25,Express,MC-17605,Matt Connell,Corporate,United States,Houston,Texas,77070,Central,FUR-TA-10002622,Furniture,Tables,"Bush Andora Conference Table, Maple/Graphite Gray Finish",320.14,8,0.18,12.59
MC-62519,2024-02-22 11:46:36,2024-01-16,2024-01-25,Express,MC-17605,Matt Connell,Corporate,United States,Houston,Texas,77070,Central,OFF-BI-10000145,Office Supplies,Binders,Zipper Ring Binder Pockets,247.43,1,0.06,-19.17
MC-62519,2024-02-22 11:46:36,2024-01-16,2024-01-25,Express,MC-17605,Matt Connell,Corporate,United States,Houston,Texas,77070,Central,OFF-PA-10001560,Office Supplies,Paper,"Adams Telephone Message Books, 5 1/4� x 11�",219.5,6,0.2,-13.79
MC-62519,2024-02-22 11:46:36,2024-01-16,2024-01-25,Express,MC-17605,Matt Connell,Corporate,United States,Houston,Texas,77070,Central,OFF-AR-10001044,Office Supplies,Art,"BOSTON Ranger #55 Pencil Sharpener, Black",492.82,1,0.08,-6.49
JR-94693,2024-02-22 11:46:36,2023-05-18,2023-05-27,Express,JR-16210,Justin Ritter,Corporate,United States,Springfield,Oregon,97477,West,FUR-FU-10000719,Furniture,Furnishings,"DAX Cubicle Frames, 8-1/2 x 11",328.26,9,0.08,-1.95
JR-94693,2024-02-22 11:46:36,2023-05-18,2023-05-27,Express,JR-16210,Justin Ritter,Corporate,United States,Springfield,Oregon,97477,West,OFF-PA-10001801,Office Supplies,Paper,Xerox 193,233.89,4,0.06,-1.04
MP-74703,2024-02-22 11:46:36,2022-06-30,2022-07-05,Standard,MP-17965,Michael Paige,Corporate,United States,Lawrence,Massachusetts,1841,East,TEC-AC-10001990,Technology,Accessories,Kensington Orbit Wireless Mobile Trackball for PC and Mac,351.63,9,0.03,9.78
MP-74703,2024-02-22 11:46:36,2022-06-30,2022-07-05,Standard,MP-17965,Michael Paige,Corporate,United States,Lawrence,Massachusetts,1841,East,FUR-CH-10004289,Furniture,Chairs,Global Super Steno Chair,368.66,6,0.2,13.91
AC-90499,2024-02-22 11:46:36,2023-05-18,2023-05-27,Express,AC-10420,Alyssa Crouse,Corporate,United States,San Francisco,California,94122,West,FUR-TA-10003008,Furniture,Tables,"Lesro Round Back Collection Coffee Table, End Table",476.9,7,0.08,7.8
AC-90499,2024-02-22 11:46:36,2023-05-18,2023-05-27,Express,AC-10420,Alyssa Crouse,Corporate,United States,San Francisco,California,94122,West,TEC-PH-10002033,Technology,Phones,Konftel 250 Conference�phone�- Charcoal black,316.11,1,0.19,6.8
AC-90499,2024-02-22 11:46:36,2023-05-18,2023-05-27,Express,AC-10420,Alyssa Crouse,Corporate,United States,San Francisco,California,94122,West,FUR-FU-10002157,Furniture,Furnishings,Artistic Insta-Plaque,287.53,6,0.09,-6.56
JP-58884,2024-02-22 11:46:36,2022-07-01,2022-07-08,Standard,JP-15520,Jeremy Pistek,Consumer,United States,Jonesboro,Arkansas,72401,South,FUR-CH-10001270,Furniture,Chairs,Harbour Creations Steel Folding Chair,218.55,7,0.19,2.69
JP-58884,2024-02-22 11:46:36,2022-07-01,2022-07-08,Standard,JP-15520,Jeremy Pistek,Consumer,United States,Jonesboro,Arkansas,72401,South,OFF-AR-10001315,Office Supplies,Art,Newell 310,207.58,3,0.06,-6.42
ML-51372,2024-02-22 11:46:36,2023-12-07,2023-12-10,Standard,ML-17410,Maris LaWare,Consumer,United States,Phoenix,Arizona,85023,West,OFF-AP-10000696,Office Supplies,Appliances,Holmes Odor Grabber,363.26,2,0.06,-1.56
ML-51372,2024-02-22 11:46:36,2023-12-07,2023-12-10,Standard,ML-17410,Maris LaWare,Consumer,United States,Phoenix,Arizona,85023,West,OFF-AR-10003190,Office Supplies,Art,Newell 32,308.11,8,0.12,-12.66
ML-51372,2024-02-22 11:46:36,2023-12-07,2023-12-10,Standard,ML-17410,Maris LaWare,Consumer,United States,Phoenix,Arizona,85023,West,FUR-FU-10004053,Furniture,Furnishings,DAX Two-Tone Silver Metal Document Frame,306.58,10,0.05,13.74
ML-51372,2024-02-22 11:46:36,2023-12-07,2023-12-10,Standard,ML-17410,Maris LaWare,Consumer,United States,Phoenix,Arizona,85023,West,FUR-FU-10001706,Furniture,Furnishings,Longer-Life Soft White Bulbs,249.22,7,0.03,-4.24
GD-23564,2024-02-22 11:46:36,2023-06-25,2023-06-27,Express,GD-14590,Giulietta Dortch,Corporate,United States,Philadelphia,Pennsylvania,19143,East,OFF-AP-10002892,Office Supplies,Appliances,Belkin F5C206VTEL 6 Outlet Surge,207.84,6,0.06,13.12
GD-23564,2024-02-22 11:46:36,2023-06-25,2023-06-27,Express,GD-14590,Giulietta Dortch,Corporate,United States,Philadelphia,Pennsylvania,19143,East,OFF-ST-10000615,Office Supplies,Storage,"SimpliFile Personal File, Black Granite, 15w x 6-15/16d x 11-1/4h",375.59,1,0.14,-15.83
GD-23564,2024-02-22 11:46:36,2023-06-25,2023-06-27,Express,GD-14590,Giulietta Dortch,Corporate,United States,Philadelphia,Pennsylvania,19143,East,OFF-EN-10003845,Office Supplies,Envelopes,Colored Envelopes,355.87,4,0.06,-3.41
LC-06273,2024-02-22 11:46:36,2023-07-27,2023-08-05,Express,LC-16960,Lindsay Castell,Home Office,United States,New York City,New York,10024,East,OFF-PA-10000477,Office Supplies,Paper,Xerox 1952,401.78,6,0.03,14.42
LC-06273,2024-02-22 11:46:36,2023-07-27,2023-08-05,Express,LC-16960,Lindsay Castell,Home Office,United States,New York City,New York,10024,East,OFF-BI-10000605,Office Supplies,Binders,"Acco Pressboard Covers with Storage Hooks, 9 1/2"" x 11"", Executive Red",249.36,9,0.09,-1.1
LC-06273,2024-02-22 11:46:36,2023-07-27,2023-08-05,Express,LC-16960,Lindsay Castell,Home Office,United States,New York City,New York,10024,East,TEC-PH-10004922,Technology,Phones,RCA Visys Integrated PBX 8-Line Router,450.1,6,0.15,15.3
LC-06273,2024-02-22 11:46:36,2023-07-27,2023-08-05,Express,LC-16960,Lindsay Castell,Home Office,United States,New York City,New York,10024,East,OFF-SU-10001664,Office Supplies,Supplies,Acme Office Executive Series Stainless Steel Trimmers,376.15,6,0.01,-12.86
LC-06273,2024-02-22 11:46:36,2023-07-27,2023-08-05,Express,LC-16960,Lindsay Castell,Home Office,United States,New York City,New York,10024,East,OFF-BI-10000829,Office Supplies,Binders,Avery Non-Stick Binders,478.95,2,0.16,9.49
CW-40890,2024-02-22 11:46:36,2022-12-11,2022-12-19,Express,CW-11905,Carl Weiss,Home Office,United States,Huntsville,Texas,77340,Central,OFF-BI-10004967,Office Supplies,Binders,Round Ring Binders,240.36,3,0.14,1.66
CW-40890,2024-02-22 11:46:36,2022-12-11,2022-12-19,Express,CW-11905,Carl Weiss,Home Office,United States,Huntsville,Texas,77340,Central,TEC-AC-10003033,Technology,Accessories,Plantronics CS510 - Over-the-Head monaural Wireless Headset System,217.36,5,0.05,1.8
CW-40890,2024-02-22 11:46:36,2022-12-11,2022-12-19,Express,CW-11905,Carl Weiss,Home Office,United States,Huntsville,Texas,77340,Central,OFF-LA-10002043,Office Supplies,Labels,Avery 489,349.43,8,0.11,4.4
ZC-92586,2024-02-22 11:46:36,2023-12-09,2023-12-13,Standard,ZC-21910,Zuschuss Carroll,Consumer,United States,Miami,Florida,33142,South,OFF-BI-10000605,Office Supplies,Binders,"Acco Pressboard Covers with Storage Hooks, 9 1/2"" x 11"", Executive Red",349.04,5,0.01,-10.3
ZC-92586,2024-02-22 11:46:36,2023-12-09,2023-12-13,Standard,ZC-21910,Zuschuss Carroll,Consumer,United States,Miami,Florida,33142,South,OFF-EN-10004030,Office Supplies,Envelopes,Convenience Packs of Business Envelopes,269.23,3,0.19,-19.64
ZC-92586,2024-02-22 11:46:36,2023-12-09,2023-12-13,Standard,ZC-21910,Zuschuss Carroll,Consumer,United States,Miami,Florida,33142,South,TEC-PH-10000038,Technology,Phones,Jawbone MINI JAMBOX Wireless Bluetooth Speaker,203.71,9,0.06,18.8
ZC-92586,2024-02-22 11:46:36,2023-12-09,2023-12-13,Standard,ZC-21910,Zuschuss Carroll,Consumer,United States,Miami,Florida,33142,South,OFF-BI-10000216,Office Supplies,Binders,"Mead 1st Gear 2"" Zipper Binder, Asst. Colors",239.45,8,0.14,-3.83
ZC-92586,2024-02-22 11:46:36,2023-12-09,2023-12-13,Standard,ZC-21910,Zuschuss Carroll,Consumer,United States,Miami,Florida,33142,South,TEC-PH-10000984,Technology,Phones,Panasonic KX-TG9471B,474.93,3,0.19,0.38
SH-48673,2024-02-22 11:46:36,2022-10-18,2022-10-23,Standard,SH-20635,Stefanie Holloman,Corporate,United States,Jackson,Tennessee,38301,South,OFF-LA-10000634,Office Supplies,Labels,Avery 509,479.47,5,0.12,-14.58
SH-48673,2024-02-22 11:46:36,2022-10-18,2022-10-23,Standard,SH-20635,Stefanie Holloman,Corporate,United States,Jackson,Tennessee,38301,South,OFF-ST-10003692,Office Supplies,Storage,Recycled Steel Personal File for Hanging File Folders,378.27,2,0.11,7.59
SH-48673,2024-02-22 11:46:36,2022-10-18,2022-10-23,Standard,SH-20635,Stefanie Holloman,Corporate,United States,Jackson,Tennessee,38301,South,OFF-BI-10002794,Office Supplies,Binders,"Avery Trapezoid Ring Binder, 3"" Capacity, Black, 1040 sheets",415.74,3,0.0,7.56
SH-48673,2024-02-22 11:46:36,2022-10-18,2022-10-23,Standard,SH-20635,Stefanie Holloman,Corporate,United States,Jackson,Tennessee,38301,South,OFF-PA-10002893,Office Supplies,Paper,"Wirebound Service Call Books, 5 1/2"" x 4""",432.58,6,0.01,6.23
SH-48673,2024-02-22 11:46:36,2022-10-18,2022-10-23,Standard,SH-20635,Stefanie Holloman,Corporate,United States,Jackson,Tennessee,38301,South,OFF-AP-10002867,Office Supplies,Appliances,Fellowes Command Center 5-outlet power strip,377.05,10,0.16,-4.5
LH-45603,2024-02-22 11:46:36,2022-05-28,2022-06-03,Standard,LH-17155,Logan Haushalter,Consumer,United States,Dallas,Texas,75081,Central,OFF-AR-10001868,Office Supplies,Art,Prang Dustless Chalk Sticks,243.58,4,0.0,5.26
LH-45603,2024-02-22 11:46:36,2022-05-28,2022-06-03,Standard,LH-17155,Logan Haushalter,Consumer,United States,Dallas,Texas,75081,Central,OFF-BI-10002309,Office Supplies,Binders,Avery Heavy-Duty EZD  Binder With Locking Rings,227.29,9,0.09,14.6
LH-45603,2024-02-22 11:46:36,2022-05-28,2022-06-03,Standard,LH-17155,Logan Haushalter,Consumer,United States,Dallas,Texas,75081,Central,FUR-TA-10001691,Furniture,Tables,"Barricks Non-Folding Utility Table with Steel Legs, Laminate Tops",436.77,7,0.19,-18.54
LH-45603,2024-02-22 11:46:36,2022-05-28,2022-06-03,Standard,LH-17155,Logan Haushalter,Consumer,United States,Dallas,Texas,75081,Central,OFF-BI-10002557,Office Supplies,Binders,Presstex Flexible Ring Binders,300.36,6,0.07,-1.09
LH-45603,2024-02-22 11:46:36,2022-05-28,2022-06-03,Standard,LH-17155,Logan Haushalter,Consumer,United States,Dallas,Texas,75081,Central,OFF-EN-10001990,Office Supplies,Envelopes,Staple envelope,416.99,4,0.05,-3.28
BS-74076,2024-02-22 11:46:36,2023-03-23,2023-04-01,Express,BS-11590,Brendan Sweed,Corporate,United States,Columbus,Indiana,47201,Central,OFF-PA-10002036,Office Supplies,Paper,Xerox 1930,288.69,3,0.12,11.92
BS-74076,2024-02-22 11:46:36,2023-03-23,2023-04-01,Express,BS-11590,Brendan Sweed,Corporate,United States,Columbus,Indiana,47201,Central,TEC-PH-10003095,Technology,Phones,Samsung HM1900 Bluetooth Headset,424.17,5,0.14,-8.76
BS-74076,2024-02-22 11:46:36,2023-03-23,2023-04-01,Express,BS-11590,Brendan Sweed,Corporate,United States,Columbus,Indiana,47201,Central,OFF-BI-10002852,Office Supplies,Binders,Ibico Standard Transparent Covers,336.19,10,0.1,6.69
BT-21478,2024-02-22 11:46:36,2023-01-23,2023-02-02,Express,BT-11305,Beth Thompson,Home Office,United States,Costa Mesa,California,92627,West,OFF-BI-10004600,Office Supplies,Binders,Ibico Ibimaster 300 Manual Binding System,289.46,3,0.14,-6.94
PF-20227,2024-02-22 11:46:36,2022-01-28,2022-02-03,Standard,PF-19225,Phillip Flathmann,Consumer,United States,San Francisco,California,94122,West,OFF-LA-10002787,Office Supplies,Labels,Avery 480,374.69,9,0.08,-6.03
PF-20227,2024-02-22 11:46:36,2022-01-28,2022-02-03,Standard,PF-19225,Phillip Flathmann,Consumer,United States,San Francisco,California,94122,West,OFF-BI-10004318,Office Supplies,Binders,Ibico EB-19 Dual Function Manual Binding System,485.37,5,0.14,8.98
PF-20227,2024-02-22 11:46:36,2022-01-28,2022-02-03,Standard,PF-19225,Phillip Flathmann,Consumer,United States,San Francisco,California,94122,West,OFF-BI-10000014,Office Supplies,Binders,Heavy-Duty E-Z-D Binders,466.15,1,0.19,-7.69
PF-20227,2024-02-22 11:46:36,2022-01-28,2022-02-03,Standard,PF-19225,Phillip Flathmann,Consumer,United States,San Francisco,California,94122,West,OFF-BI-10002026,Office Supplies,Binders,Avery Arch Ring Binders,223.51,7,0.17,-10.6
AT-34218,2024-02-22 11:46:36,2022-03-09,2022-03-15,Express,AT-10435,Alyssa Tate,Home Office,United States,Meriden,Connecticut,6450,East,FUR-CH-10004853,Furniture,Chairs,"Global Manager's Adjustable Task Chair, Storm",254.62,1,0.13,-2.21
AT-34218,2024-02-22 11:46:36,2022-03-09,2022-03-15,Express,AT-10435,Alyssa Tate,Home Office,United States,Meriden,Connecticut,6450,East,OFF-PA-10003953,Office Supplies,Paper,Xerox 218,398.25,6,0.19,-7.26
AT-34218,2024-02-22 11:46:36,2022-03-09,2022-03-15,Express,AT-10435,Alyssa Tate,Home Office,United States,Meriden,Connecticut,6450,East,OFF-ST-10001414,Office Supplies,Storage,Decoflex Hanging Personal Folder File,453.59,2,0.13,-2.49
MD-59971,2024-02-22 11:46:36,2022-01-20,2022-01-28,Standard,MD-17350,Maribeth Dona,Consumer,United States,Lancaster,Ohio,43130,East,OFF-AP-10001492,Office Supplies,Appliances,"Acco Six-Outlet Power Strip, 4' Cord Length",231.27,6,0.17,-11.92
DH-60356,2024-02-22 11:46:36,2022-07-30,2022-08-03,Standard,DH-13675,Duane Huffman,Home Office,United States,Quincy,Massachusetts,2169,East,OFF-ST-10001932,Office Supplies,Storage,Fellowes Staxonsteel Drawer Files,286.86,6,0.0,10.46
SU-92924,2024-02-22 11:46:36,2023-05-13,2023-05-15,Express,SU-20665,Stephanie Ulpright,Home Office,United States,Greenville,North Carolina,27834,South,OFF-LA-10001641,Office Supplies,Labels,Avery 518,397.63,4,0.04,-4.06
SU-92924,2024-02-22 11:46:36,2023-05-13,2023-05-15,Express,SU-20665,Stephanie Ulpright,Home Office,United States,Greenville,North Carolina,27834,South,FUR-CH-10003973,Furniture,Chairs,GuestStacker Chair with Chrome Finish Legs,426.07,6,0.13,0.76
SU-92924,2024-02-22 11:46:36,2023-05-13,2023-05-15,Express,SU-20665,Stephanie Ulpright,Home Office,United States,Greenville,North Carolina,27834,South,FUR-CH-10001482,Furniture,Chairs,Office Star - Mesh Screen back chair with Vinyl seat,222.69,7,0.15,-10.1
SU-92924,2024-02-22 11:46:36,2023-05-13,2023-05-15,Express,SU-20665,Stephanie Ulpright,Home Office,United States,Greenville,North Carolina,27834,South,OFF-ST-10003123,Office Supplies,Storage,Fellowes Bases and Tops For Staxonsteel/High-Stak Systems,493.3,5,0.12,-7.13
SU-92924,2024-02-22 11:46:36,2023-05-13,2023-05-15,Express,SU-20665,Stephanie Ulpright,Home Office,United States,Greenville,North Carolina,27834,South,OFF-BI-10001718,Office Supplies,Binders,GBC DocuBind P50 Personal Binding Machine,413.18,5,0.04,-8.27
JH-39431,2024-02-22 11:46:36,2022-04-14,2022-04-17,Standard,JH-15820,John Huston,Consumer,United States,Kent,Ohio,44240,East,OFF-BI-10003429,Office Supplies,Binders,"Cardinal HOLDit! Binder Insert Strips,Extra Strips",228.95,8,0.13,-3.96
JH-39431,2024-02-22 11:46:36,2022-04-14,2022-04-17,Standard,JH-15820,John Huston,Consumer,United States,Kent,Ohio,44240,East,FUR-CH-10004287,Furniture,Chairs,SAFCO Arco Folding Chair,465.32,6,0.02,12.7
JH-39431,2024-02-22 11:46:36,2022-04-14,2022-04-17,Standard,JH-15820,John Huston,Consumer,United States,Kent,Ohio,44240,East,OFF-AP-10003842,Office Supplies,Appliances,Euro-Pro Shark Turbo Vacuum,339.99,3,0.16,18.38
JH-39431,2024-02-22 11:46:36,2022-04-14,2022-04-17,Standard,JH-15820,John Huston,Consumer,United States,Kent,Ohio,44240,East,OFF-BI-10004364,Office Supplies,Binders,Storex Dura Pro Binders,368.69,3,0.16,9.14
HH-25546,2024-02-22 11:46:36,2023-12-06,2023-12-11,Express,HH-15010,Hilary Holden,Corporate,United States,San Francisco,California,94110,West,OFF-LA-10001045,Office Supplies,Labels,Permanent Self-Adhesive File Folder Labels for Typewriters by Universal,242.92,2,0.18,18.18
HH-25546,2024-02-22 11:46:36,2023-12-06,2023-12-11,Express,HH-15010,Hilary Holden,Corporate,United States,San Francisco,California,94110,West,OFF-SU-10000381,Office Supplies,Supplies,Acme Forged Steel Scissors with Black Enamel Handles,210.91,1,0.18,-9.51
HH-25546,2024-02-22 11:46:36,2023-12-06,2023-12-11,Express,HH-15010,Hilary Holden,Corporate,United States,San Francisco,California,94110,West,FUR-TA-10001539,Furniture,Tables,Chromcraft Rectangular Conference Tables,243.84,10,0.09,17.94
HH-25546,2024-02-22 11:46:36,2023-12-06,2023-12-11,Express,HH-15010,Hilary Holden,Corporate,United States,San Francisco,California,94110,West,FUR-TA-10003954,Furniture,Tables,Hon 94000 Series Round Tables,319.52,2,0.1,-15.67
HH-25546,2024-02-22 11:46:36,2023-12-06,2023-12-11,Express,HH-15010,Hilary Holden,Corporate,United States,San Francisco,California,94110,West,FUR-CH-10002880,Furniture,Chairs,"Global High-Back Leather Tilter, Burgundy",340.07,1,0.02,-2.42
NF-71794,2024-02-22 11:46:36,2022-08-18,2022-08-26,Express,NF-18595,Nicole Fjeld,Home Office,United States,Chicago,Illinois,60610,Central,OFF-PA-10002464,Office Supplies,Paper,HP Office Recycled Paper (20Lb. and 87 Bright),342.37,6,0.07,-8.64
CR-32053,2024-02-22 11:46:36,2022-09-12,2022-09-22,Standard,CR-12730,Craig Reiter,Consumer,United States,Columbus,Ohio,43229,East,OFF-BI-10001510,Office Supplies,Binders,Deluxe Heavy-Duty Vinyl Round Ring Binder,457.03,9,0.01,-2.08
CR-32053,2024-02-22 11:46:36,2022-09-12,2022-09-22,Standard,CR-12730,Craig Reiter,Consumer,United States,Columbus,Ohio,43229,East,TEC-AC-10001314,Technology,Accessories,Case Logic 2.4GHz Wireless Keyboard,388.52,5,0.02,3.55
CR-32053,2024-02-22 11:46:36,2022-09-12,2022-09-22,Standard,CR-12730,Craig Reiter,Consumer,United States,Columbus,Ohio,43229,East,OFF-AR-10000475,Office Supplies,Art,"Hunt BOSTON Vista Battery-Operated Pencil Sharpener, Black",383.33,7,0.08,18.0
CR-32053,2024-02-22 11:46:36,2022-09-12,2022-09-22,Standard,CR-12730,Craig Reiter,Consumer,United States,Columbus,Ohio,43229,East,OFF-PA-10001274,Office Supplies,Paper,Loose Memo Sheets,341.07,6,0.16,17.61
CS-72759,2024-02-22 11:46:36,2022-11-10,2022-11-11,Standard,CS-12490,Cindy Schnelling,Corporate,United States,Conroe,Texas,77301,Central,FUR-FU-10004909,Furniture,Furnishings,Contemporary Wood/Metal Frame,393.39,10,0.17,17.62
JM-40389,2024-02-22 11:46:36,2023-10-27,2023-11-01,Express,JM-15250,Janet Martin,Consumer,United States,Charlotte,North Carolina,28205,South,OFF-AP-10000275,Office Supplies,Appliances,"Sanyo Counter Height Refrigerator with Crisper, 3.6 Cubic Foot, Stainless Steel/Black",330.25,10,0.01,14.76
JM-40389,2024-02-22 11:46:36,2023-10-27,2023-11-01,Express,JM-15250,Janet Martin,Consumer,United States,Charlotte,North Carolina,28205,South,OFF-BI-10002824,Office Supplies,Binders,Recycled Easel Ring Binders,291.21,5,0.18,12.9
JM-40389,2024-02-22 11:46:36,2023-10-27,2023-11-01,Express,JM-15250,Janet Martin,Consumer,United States,Charlotte,North Carolina,28205,South,FUR-CH-10001545,Furniture,Chairs,Hon Comfortask Task/Swivel Chairs,458.19,2,0.11,17.8
JM-40389,2024-02-22 11:46:36,2023-10-27,2023-11-01,Express,JM-15250,Janet Martin,Consumer,United States,Charlotte,North Carolina,28205,South,OFF-EN-10003286,Office Supplies,Envelopes,Staple envelope,476.42,8,0.01,14.26
JM-40389,2024-02-22 11:46:36,2023-10-27,2023-11-01,Express,JM-15250,Janet Martin,Consumer,United States,Charlotte,North Carolina,28205,South,OFF-PA-10003001,Office Supplies,Paper,Xerox 1986,386.7,2,0.15,6.6
BD-66700,2024-02-22 11:46:36,2023-11-26,2023-12-02,Express,BD-11725,Bruce Degenhardt,Consumer,United States,Los Angeles,California,90032,West,OFF-FA-10000992,Office Supplies,Fasteners,"Acco Clips to Go Binder Clips, 24 Clips in Two Sizes",392.64,5,0.18,11.47
MC-19690,2024-02-22 11:46:36,2022-04-17,2022-04-22,Express,MC-17575,Matt Collins,Consumer,United States,Seattle,Washington,98103,West,OFF-BI-10000666,Office Supplies,Binders,Surelock Post Binders,200.6,2,0.17,-4.67
NC-82861,2024-02-22 11:46:36,2024-01-24,2024-01-29,Express,NC-18535,Nick Crebassa,Corporate,United States,San Francisco,California,94122,West,OFF-BI-10003196,Office Supplies,Binders,Accohide Poly Flexible Ring Binders,305.15,8,0.15,-3.04
NC-82861,2024-02-22 11:46:36,2024-01-24,2024-01-29,Express,NC-18535,Nick Crebassa,Corporate,United States,San Francisco,California,94122,West,OFF-BI-10001071,Office Supplies,Binders,GBC ProClick Punch Binding System,371.65,5,0.14,-3.99
KH-09900,2024-02-22 11:46:36,2022-05-27,2022-06-02,Standard,KH-16630,Ken Heidel,Corporate,United States,Clinton,Maryland,20735,East,OFF-AP-10000358,Office Supplies,Appliances,Fellowes Basic Home/Office Series Surge Protectors,315.73,8,0.06,-10.21
KH-09900,2024-02-22 11:46:36,2022-05-27,2022-06-02,Standard,KH-16630,Ken Heidel,Corporate,United States,Clinton,Maryland,20735,East,OFF-BI-10003910,Office Supplies,Binders,DXL Angle-View Binders with Locking Rings by Samsill,239.63,6,0.17,-16.9
MW-95397,2024-02-22 11:46:36,2023-01-18,2023-01-21,Express,MW-18220,Mitch Webber,Consumer,United States,Philadelphia,Pennsylvania,19140,East,OFF-BI-10003719,Office Supplies,Binders,Large Capacity Hanging Post Binders,291.25,6,0.08,4.62
MW-95397,2024-02-22 11:46:36,2023-01-18,2023-01-21,Express,MW-18220,Mitch Webber,Consumer,United States,Philadelphia,Pennsylvania,19140,East,OFF-BI-10000145,Office Supplies,Binders,Zipper Ring Binder Pockets,244.11,5,0.09,19.67
MW-95397,2024-02-22 11:46:36,2023-01-18,2023-01-21,Express,MW-18220,Mitch Webber,Consumer,United States,Philadelphia,Pennsylvania,19140,East,OFF-ST-10002974,Office Supplies,Storage,"Trav-L-File Heavy-Duty Shuttle II, Black",201.6,10,0.13,17.51
AW-30852,2024-02-22 11:46:36,2023-05-17,2023-05-26,Express,AW-10930,Arthur Wiediger,Home Office,United States,Aurora,Illinois,60505,Central,OFF-AR-10004269,Office Supplies,Art,Newell 31,443.69,7,0.07,-16.16
AW-30852,2024-02-22 11:46:36,2023-05-17,2023-05-26,Express,AW-10930,Arthur Wiediger,Home Office,United States,Aurora,Illinois,60505,Central,TEC-PH-10002496,Technology,Phones,Cisco SPA301,241.87,2,0.12,-9.3
MM-00330,2024-02-22 11:46:36,2023-05-29,2023-06-06,Standard,MM-17920,Michael Moore,Consumer,United States,Chesapeake,Virginia,23320,South,OFF-AR-10002335,Office Supplies,Art,DIXON Oriole Pencils,277.02,2,0.16,-9.3
MM-00330,2024-02-22 11:46:36,2023-05-29,2023-06-06,Standard,MM-17920,Michael Moore,Consumer,United States,Chesapeake,Virginia,23320,South,TEC-AC-10001284,Technology,Accessories,Enermax Briskie RF Wireless Keyboard and Mouse Combo,371.42,6,0.12,0.21
MM-00330,2024-02-22 11:46:36,2023-05-29,2023-06-06,Standard,MM-17920,Michael Moore,Consumer,United States,Chesapeake,Virginia,23320,South,FUR-BO-10003441,Furniture,Bookcases,"Bush Westfield Collection Bookcases, Fully Assembled",449.04,9,0.02,-7.16
MM-00330,2024-02-22 11:46:36,2023-05-29,2023-06-06,Standard,MM-17920,Michael Moore,Consumer,United States,Chesapeake,Virginia,23320,South,OFF-ST-10000798,Office Supplies,Storage,2300 Heavy-Duty Transfer File Systems by Perma,297.38,10,0.04,14.89
SG-32349,2024-02-22 11:46:36,2023-09-21,2023-09-30,Standard,SG-20605,Speros Goranitis,Consumer,United States,San Francisco,California,94109,West,FUR-FU-10000719,Furniture,Furnishings,"DAX Cubicle Frames, 8-1/2 x 11",425.42,4,0.09,-4.8
SG-32349,2024-02-22 11:46:36,2023-09-21,2023-09-30,Standard,SG-20605,Speros Goranitis,Consumer,United States,San Francisco,California,94109,West,TEC-PH-10004908,Technology,Phones,Panasonic KX TS3282W Corded phone,265.5,5,0.08,-5.15
